Filename,Label
AnnualCrop/AnnualCrop_1275.jpg,0
Residential/Residential_504.jpg,7
Pasture/Pasture_787.jpg,5
Residential/Residential_1575.jpg,7
Pasture/Pasture_473.jpg,5
PermanentCrop/PermanentCrop_465.jpg,6
Pasture/Pasture_375.jpg,5
River/River_656.jpg,8
River/River_1209.jpg,8
HerbaceousVegetation/HerbaceousVegetation_2997.jpg,2
SeaLake/SeaLake_1076.jpg,9
Forest/Forest_2604.jpg,1
Residential/Residential_764.jpg,7
AnnualCrop/AnnualCrop_2283.jpg,0
HerbaceousVegetation/HerbaceousVegetation_1368.jpg,2
AnnualCrop/AnnualCrop_1468.jpg,0
AnnualCrop/AnnualCrop_2908.jpg,0
River/River_1957.jpg,8
Residential/Residential_2158.jpg,7
Forest/Forest_2244.jpg,1
AnnualCrop/AnnualCrop_563.jpg,0
SeaLake/SeaLake_1210.jpg,9
Pasture/Pasture_1118.jpg,5
SeaLake/SeaLake_2609.jpg,9
PermanentCrop/PermanentCrop_2307.jpg,2
PermanentCrop/PermanentCrop_1217.jpg,6
Highway/Highway_1263.jpg,3
Residential/Residential_1235.jpg,7
Highway/Highway_179.jpg,3
Industrial/Industrial_34.jpg,4
SeaLake/SeaLake_1277.jpg,9
Residential/Residential_2603.jpg,7
Residential/Residential_1969.jpg,7
AnnualCrop/AnnualCrop_1886.jpg,0
HerbaceousVegetation/HerbaceousVegetation_666.jpg,2
Residential/Residential_2125.jpg,7
Pasture/Pasture_913.jpg,5
Pasture/Pasture_878.jpg,5
Highway/Highway_2174.jpg,3
Industrial/Industrial_502.jpg,3
Pasture/Pasture_1407.jpg,5
PermanentCrop/PermanentCrop_1132.jpg,6
Highway/Highway_1926.jpg,3
Industrial/Industrial_2010.jpg,4
PermanentCrop/PermanentCrop_1903.jpg,6
Residential/Residential_802.jpg,7
SeaLake/SeaLake_2579.jpg,9
River/River_1126.jpg,8
Pasture/Pasture_1478.jpg,5
Forest/Forest_513.jpg,1
SeaLake/SeaLake_375.jpg,9
Highway/Highway_1311.jpg,3
AnnualCrop/AnnualCrop_2837.jpg,0
SeaLake/SeaLake_738.jpg,9
Pasture/Pasture_1658.jpg,5
Forest/Forest_2013.jpg,1
HerbaceousVegetation/HerbaceousVegetation_32.jpg,2
SeaLake/SeaLake_1841.jpg,9
SeaLake/SeaLake_2954.jpg,9
Forest/Forest_2677.jpg,1
Industrial/Industrial_1307.jpg,4
River/River_1135.jpg,8
HerbaceousVegetation/HerbaceousVegetation_1488.jpg,2
Residential/Residential_837.jpg,7
Highway/Highway_2284.jpg,3
SeaLake/SeaLake_1920.jpg,9
Pasture/Pasture_1282.jpg,5
Pasture/Pasture_134.jpg,5
AnnualCrop/AnnualCrop_754.jpg,0
River/River_858.jpg,8
Residential/Residential_139.jpg,7
SeaLake/SeaLake_1637.jpg,9
HerbaceousVegetation/HerbaceousVegetation_149.jpg,2
Industrial/Industrial_74.jpg,4
Forest/Forest_2763.jpg,1
Residential/Residential_1630.jpg,7
PermanentCrop/PermanentCrop_2083.jpg,6
Highway/Highway_1396.jpg,3
Industrial/Industrial_190.jpg,4
Forest/Forest_2996.jpg,1
HerbaceousVegetation/HerbaceousVegetation_129.jpg,2
AnnualCrop/AnnualCrop_1386.jpg,0
PermanentCrop/PermanentCrop_2260.jpg,8
AnnualCrop/AnnualCrop_1392.jpg,0
Forest/Forest_1611.jpg,1
Highway/Highway_877.jpg,3
Pasture/Pasture_942.jpg,5
River/River_1118.jpg,8
SeaLake/SeaLake_1772.jpg,9
PermanentCrop/PermanentCrop_2241.jpg,6
Residential/Residential_210.jpg,7
Residential/Residential_31.jpg,7
AnnualCrop/AnnualCrop_1685.jpg,0
River/River_726.jpg,8
HerbaceousVegetation/HerbaceousVegetation_769.jpg,2
Highway/Highway_18.jpg,3
HerbaceousVegetation/HerbaceousVegetation_2845.jpg,2
SeaLake/SeaLake_2433.jpg,9
SeaLake/SeaLake_2744.jpg,9
Forest/Forest_1496.jpg,1
Highway/Highway_1299.jpg,3
Industrial/Industrial_1800.jpg,4
Residential/Residential_1444.jpg,7
River/River_1129.jpg,8
Industrial/Industrial_1220.jpg,4
AnnualCrop/AnnualCrop_722.jpg,6
HerbaceousVegetation/HerbaceousVegetation_2990.jpg,2
Residential/Residential_1255.jpg,7
PermanentCrop/PermanentCrop_2389.jpg,6
PermanentCrop/PermanentCrop_1655.jpg,2
Industrial/Industrial_2399.jpg,4
AnnualCrop/AnnualCrop_1665.jpg,0
Forest/Forest_209.jpg,1
SeaLake/SeaLake_442.jpg,9
Highway/Highway_398.jpg,3
PermanentCrop/PermanentCrop_147.jpg,6
Pasture/Pasture_179.jpg,5
Industrial/Industrial_952.jpg,4
SeaLake/SeaLake_1851.jpg,9
SeaLake/SeaLake_247.jpg,9
Forest/Forest_2388.jpg,1
River/River_983.jpg,8
Forest/Forest_2075.jpg,1
Industrial/Industrial_1848.jpg,4
SeaLake/SeaLake_1246.jpg,9
HerbaceousVegetation/HerbaceousVegetation_50.jpg,2
SeaLake/SeaLake_1413.jpg,9
Pasture/Pasture_23.jpg,5
Highway/Highway_958.jpg,5
River/River_2353.jpg,8
Residential/Residential_754.jpg,7
Pasture/Pasture_486.jpg,5
Highway/Highway_1516.jpg,3
AnnualCrop/AnnualCrop_2013.jpg,0
PermanentCrop/PermanentCrop_1154.jpg,6
Residential/Residential_875.jpg,7
Forest/Forest_2068.jpg,1
AnnualCrop/AnnualCrop_1261.jpg,0
Forest/Forest_2474.jpg,1
River/River_880.jpg,8
River/River_964.jpg,8
Forest/Forest_625.jpg,1
Forest/Forest_80.jpg,1
Forest/Forest_1726.jpg,1
Forest/Forest_1415.jpg,1
Residential/Residential_899.jpg,7
Residential/Residential_671.jpg,7
Highway/Highway_749.jpg,3
SeaLake/SeaLake_1759.jpg,9
HerbaceousVegetation/HerbaceousVegetation_371.jpg,2
AnnualCrop/AnnualCrop_871.jpg,0
Industrial/Industrial_1299.jpg,4
HerbaceousVegetation/HerbaceousVegetation_682.jpg,2
Residential/Residential_599.jpg,7
Residential/Residential_1404.jpg,7
Pasture/Pasture_294.jpg,5
SeaLake/SeaLake_2968.jpg,9
Industrial/Industrial_2230.jpg,4
Forest/Forest_2552.jpg,1
Forest/Forest_1488.jpg,1
HerbaceousVegetation/HerbaceousVegetation_2898.jpg,2
PermanentCrop/PermanentCrop_515.jpg,6
Forest/Forest_2621.jpg,1
River/River_51.jpg,8
Pasture/Pasture_1861.jpg,5
SeaLake/SeaLake_1755.jpg,9
AnnualCrop/AnnualCrop_2268.jpg,0
HerbaceousVegetation/HerbaceousVegetation_1530.jpg,2
Highway/Highway_438.jpg,3
Industrial/Industrial_929.jpg,4
HerbaceousVegetation/HerbaceousVegetation_1156.jpg,2
SeaLake/SeaLake_1549.jpg,9
Forest/Forest_2925.jpg,1
Forest/Forest_2776.jpg,1
HerbaceousVegetation/HerbaceousVegetation_1371.jpg,2
River/River_1499.jpg,8
AnnualCrop/AnnualCrop_2483.jpg,0
Forest/Forest_2079.jpg,1
Pasture/Pasture_339.jpg,5
Highway/Highway_2479.jpg,3
Forest/Forest_1733.jpg,1
HerbaceousVegetation/HerbaceousVegetation_2003.jpg,2
Highway/Highway_2078.jpg,3
PermanentCrop/PermanentCrop_1467.jpg,8
AnnualCrop/AnnualCrop_116.jpg,0
PermanentCrop/PermanentCrop_1544.jpg,6
Residential/Residential_14.jpg,7
Forest/Forest_2305.jpg,1
Pasture/Pasture_139.jpg,5
Residential/Residential_2779.jpg,7
Industrial/Industrial_927.jpg,4
Forest/Forest_1459.jpg,1
PermanentCrop/PermanentCrop_60.jpg,5
SeaLake/SeaLake_1942.jpg,9
AnnualCrop/AnnualCrop_1629.jpg,0
SeaLake/SeaLake_2416.jpg,9
Residential/Residential_563.jpg,7
Residential/Residential_2195.jpg,7
HerbaceousVegetation/HerbaceousVegetation_377.jpg,2
AnnualCrop/AnnualCrop_532.jpg,0
River/River_173.jpg,8
HerbaceousVegetation/HerbaceousVegetation_1493.jpg,2
Pasture/Pasture_1328.jpg,5
Industrial/Industrial_2467.jpg,4
HerbaceousVegetation/HerbaceousVegetation_658.jpg,2
HerbaceousVegetation/HerbaceousVegetation_420.jpg,2
HerbaceousVegetation/HerbaceousVegetation_822.jpg,2
PermanentCrop/PermanentCrop_224.jpg,6
Highway/Highway_37.jpg,3
HerbaceousVegetation/HerbaceousVegetation_1319.jpg,2
HerbaceousVegetation/HerbaceousVegetation_2856.jpg,2
Pasture/Pasture_1018.jpg,5
River/River_1816.jpg,8
Residential/Residential_1074.jpg,7
Residential/Residential_879.jpg,7
Highway/Highway_764.jpg,3
PermanentCrop/PermanentCrop_2012.jpg,6
Industrial/Industrial_672.jpg,4
River/River_2140.jpg,8
Forest/Forest_1164.jpg,1
Forest/Forest_1246.jpg,1
River/River_1973.jpg,8
River/River_1227.jpg,5
River/River_2482.jpg,8
Pasture/Pasture_247.jpg,5
Industrial/Industrial_699.jpg,4
Forest/Forest_955.jpg,1
Forest/Forest_153.jpg,1
SeaLake/SeaLake_1371.jpg,9
River/River_43.jpg,8
Pasture/Pasture_959.jpg,5
River/River_2432.jpg,8
Industrial/Industrial_2092.jpg,4
Highway/Highway_13.jpg,3
Industrial/Industrial_1597.jpg,4
River/River_1976.jpg,8
Highway/Highway_1725.jpg,5
Residential/Residential_1.jpg,7
Forest/Forest_1985.jpg,1
HerbaceousVegetation/HerbaceousVegetation_1338.jpg,1
Forest/Forest_560.jpg,1
Forest/Forest_2957.jpg,1
AnnualCrop/AnnualCrop_286.jpg,0
AnnualCrop/AnnualCrop_1508.jpg,0
Highway/Highway_1549.jpg,3
Forest/Forest_1143.jpg,1
AnnualCrop/AnnualCrop_2231.jpg,0
HerbaceousVegetation/HerbaceousVegetation_407.jpg,2
Pasture/Pasture_1535.jpg,5
PermanentCrop/PermanentCrop_358.jpg,6
HerbaceousVegetation/HerbaceousVegetation_1734.jpg,2
PermanentCrop/PermanentCrop_112.jpg,6
Industrial/Industrial_1556.jpg,4
Highway/Highway_249.jpg,3
PermanentCrop/PermanentCrop_1383.jpg,6
Industrial/Industrial_1795.jpg,4
PermanentCrop/PermanentCrop_1593.jpg,2
SeaLake/SeaLake_2217.jpg,0
Forest/Forest_57.jpg,1
Pasture/Pasture_708.jpg,5
Industrial/Industrial_2458.jpg,4
Industrial/Industrial_1593.jpg,4
SeaLake/SeaLake_2301.jpg,9
HerbaceousVegetation/HerbaceousVegetation_2046.jpg,2
PermanentCrop/PermanentCrop_2078.jpg,6
SeaLake/SeaLake_1422.jpg,9
HerbaceousVegetation/HerbaceousVegetation_2718.jpg,2
Highway/Highway_1520.jpg,3
Residential/Residential_2692.jpg,7
HerbaceousVegetation/HerbaceousVegetation_2286.jpg,2
Residential/Residential_1421.jpg,7
Pasture/Pasture_1113.jpg,5
Industrial/Industrial_1543.jpg,4
Forest/Forest_168.jpg,1
PermanentCrop/PermanentCrop_1568.jpg,6
River/River_2231.jpg,8
Pasture/Pasture_1684.jpg,5
SeaLake/SeaLake_530.jpg,9
Industrial/Industrial_524.jpg,4
Pasture/Pasture_151.jpg,2
River/River_2224.jpg,8
Industrial/Industrial_1475.jpg,4
SeaLake/SeaLake_912.jpg,0
Industrial/Industrial_2398.jpg,4
Residential/Residential_1637.jpg,7
HerbaceousVegetation/HerbaceousVegetation_745.jpg,2
Forest/Forest_2256.jpg,1
River/River_1625.jpg,8
Highway/Highway_1657.jpg,3
River/River_577.jpg,8
Pasture/Pasture_1620.jpg,5
HerbaceousVegetation/HerbaceousVegetation_2244.jpg,2
HerbaceousVegetation/HerbaceousVegetation_942.jpg,2
SeaLake/SeaLake_1223.jpg,9
River/River_1282.jpg,8
Industrial/Industrial_1686.jpg,4
PermanentCrop/PermanentCrop_2248.jpg,6
Industrial/Industrial_1486.jpg,4
PermanentCrop/PermanentCrop_138.jpg,6
SeaLake/SeaLake_648.jpg,9
Residential/Residential_1005.jpg,7
SeaLake/SeaLake_2975.jpg,9
Residential/Residential_731.jpg,7
SeaLake/SeaLake_2648.jpg,9
AnnualCrop/AnnualCrop_819.jpg,0
SeaLake/SeaLake_2905.jpg,9
Industrial/Industrial_1154.jpg,4
AnnualCrop/AnnualCrop_1811.jpg,0
PermanentCrop/PermanentCrop_1540.jpg,6
PermanentCrop/PermanentCrop_1232.jpg,6
SeaLake/SeaLake_2481.jpg,9
SeaLake/SeaLake_2235.jpg,9
Highway/Highway_1454.jpg,3
Pasture/Pasture_701.jpg,5
PermanentCrop/PermanentCrop_1984.jpg,6
Industrial/Industrial_2473.jpg,4
Pasture/Pasture_438.jpg,5
River/River_2148.jpg,8
Highway/Highway_819.jpg,3
Pasture/Pasture_329.jpg,5
HerbaceousVegetation/HerbaceousVegetation_1700.jpg,2
Highway/Highway_481.jpg,3
Forest/Forest_1553.jpg,1
Forest/Forest_514.jpg,1
PermanentCrop/PermanentCrop_1806.jpg,6
AnnualCrop/AnnualCrop_1733.jpg,0
PermanentCrop/PermanentCrop_2204.jpg,6
Industrial/Industrial_718.jpg,4
Residential/Residential_67.jpg,7
PermanentCrop/PermanentCrop_2433.jpg,6
SeaLake/SeaLake_1824.jpg,9
Residential/Residential_1493.jpg,7
Pasture/Pasture_1983.jpg,0
Forest/Forest_299.jpg,1
Highway/Highway_754.jpg,3
Pasture/Pasture_1929.jpg,5
SeaLake/SeaLake_2772.jpg,9
PermanentCrop/PermanentCrop_919.jpg,6
Residential/Residential_1825.jpg,7
Forest/Forest_640.jpg,1
Residential/Residential_1985.jpg,7
Residential/Residential_2738.jpg,7
AnnualCrop/AnnualCrop_2551.jpg,0
HerbaceousVegetation/HerbaceousVegetation_2191.jpg,2
SeaLake/SeaLake_1428.jpg,9
SeaLake/SeaLake_2278.jpg,9
Forest/Forest_593.jpg,1
Residential/Residential_223.jpg,7
Highway/Highway_1079.jpg,3
Highway/Highway_1436.jpg,3
River/River_1970.jpg,8
Forest/Forest_2197.jpg,1
HerbaceousVegetation/HerbaceousVegetation_2352.jpg,2
SeaLake/SeaLake_1639.jpg,9
Industrial/Industrial_2288.jpg,4
Pasture/Pasture_1917.jpg,5
Highway/Highway_1235.jpg,3
Industrial/Industrial_592.jpg,4
River/River_585.jpg,8
HerbaceousVegetation/HerbaceousVegetation_2340.jpg,2
PermanentCrop/PermanentCrop_1082.jpg,6
HerbaceousVegetation/HerbaceousVegetation_414.jpg,2
Residential/Residential_1814.jpg,7
River/River_1919.jpg,8
PermanentCrop/PermanentCrop_1709.jpg,6
Residential/Residential_2899.jpg,7
Forest/Forest_2267.jpg,1
Industrial/Industrial_547.jpg,4
Industrial/Industrial_681.jpg,4
Highway/Highway_1339.jpg,3
SeaLake/SeaLake_2848.jpg,9
SeaLake/SeaLake_2385.jpg,9
AnnualCrop/AnnualCrop_1529.jpg,0
Residential/Residential_539.jpg,7
Forest/Forest_110.jpg,1
Industrial/Industrial_2404.jpg,4
Residential/Residential_1608.jpg,7
Highway/Highway_2442.jpg,3
AnnualCrop/AnnualCrop_2880.jpg,0
HerbaceousVegetation/HerbaceousVegetation_2133.jpg,2
HerbaceousVegetation/HerbaceousVegetation_196.jpg,2
Highway/Highway_1659.jpg,3
Forest/Forest_828.jpg,1
HerbaceousVegetation/HerbaceousVegetation_1492.jpg,2
Forest/Forest_981.jpg,1
Highway/Highway_1201.jpg,3
River/River_2152.jpg,8
Highway/Highway_1092.jpg,3
PermanentCrop/PermanentCrop_1353.jpg,6
AnnualCrop/AnnualCrop_1196.jpg,0
Pasture/Pasture_178.jpg,5
PermanentCrop/PermanentCrop_413.jpg,6
AnnualCrop/AnnualCrop_123.jpg,0
Forest/Forest_2517.jpg,1
Pasture/Pasture_869.jpg,5
HerbaceousVegetation/HerbaceousVegetation_2454.jpg,2
Industrial/Industrial_1313.jpg,4
Forest/Forest_1480.jpg,1
Industrial/Industrial_1980.jpg,4
River/River_2012.jpg,8
River/River_288.jpg,8
SeaLake/SeaLake_1566.jpg,9
Industrial/Industrial_2186.jpg,6
Highway/Highway_952.jpg,3
AnnualCrop/AnnualCrop_2510.jpg,0
Industrial/Industrial_640.jpg,4
Highway/Highway_1823.jpg,3
HerbaceousVegetation/HerbaceousVegetation_540.jpg,2
Forest/Forest_1479.jpg,1
Highway/Highway_574.jpg,3
Highway/Highway_518.jpg,3
Forest/Forest_653.jpg,5
River/River_244.jpg,8
Residential/Residential_2031.jpg,7
Forest/Forest_1950.jpg,1
PermanentCrop/PermanentCrop_1521.jpg,6
River/River_396.jpg,8
Industrial/Industrial_1316.jpg,4
SeaLake/SeaLake_1516.jpg,9
AnnualCrop/AnnualCrop_2632.jpg,0
Highway/Highway_1501.jpg,3
Industrial/Industrial_1390.jpg,4
Industrial/Industrial_1967.jpg,4
Highway/Highway_2464.jpg,3
AnnualCrop/AnnualCrop_2470.jpg,0
AnnualCrop/AnnualCrop_2638.jpg,0
River/River_441.jpg,8
Industrial/Industrial_109.jpg,4
Forest/Forest_4.jpg,8
SeaLake/SeaLake_741.jpg,9
Forest/Forest_2450.jpg,1
Industrial/Industrial_1553.jpg,4
PermanentCrop/PermanentCrop_1135.jpg,6
SeaLake/SeaLake_2720.jpg,9
Residential/Residential_824.jpg,7
Pasture/Pasture_1567.jpg,5
HerbaceousVegetation/HerbaceousVegetation_2909.jpg,2
PermanentCrop/PermanentCrop_1133.jpg,6
AnnualCrop/AnnualCrop_2351.jpg,0
PermanentCrop/PermanentCrop_2362.jpg,6
PermanentCrop/PermanentCrop_1926.jpg,6
Highway/Highway_977.jpg,3
River/River_659.jpg,8
Pasture/Pasture_1804.jpg,5
PermanentCrop/PermanentCrop_623.jpg,6
HerbaceousVegetation/HerbaceousVegetation_321.jpg,2
SeaLake/SeaLake_2988.jpg,9
PermanentCrop/PermanentCrop_646.jpg,6
Highway/Highway_1206.jpg,3
River/River_184.jpg,8
SeaLake/SeaLake_1491.jpg,9
PermanentCrop/PermanentCrop_393.jpg,6
Industrial/Industrial_200.jpg,4
Residential/Residential_574.jpg,7
SeaLake/SeaLake_974.jpg,9
Highway/Highway_220.jpg,3
Industrial/Industrial_1422.jpg,4
AnnualCrop/AnnualCrop_335.jpg,0
Residential/Residential_2504.jpg,7
Industrial/Industrial_1734.jpg,4
PermanentCrop/PermanentCrop_1227.jpg,6
Forest/Forest_2582.jpg,1
PermanentCrop/PermanentCrop_1016.jpg,6
Residential/Residential_306.jpg,7
HerbaceousVegetation/HerbaceousVegetation_2979.jpg,2
SeaLake/SeaLake_1386.jpg,8
Forest/Forest_893.jpg,1
HerbaceousVegetation/HerbaceousVegetation_2673.jpg,2
AnnualCrop/AnnualCrop_53.jpg,0
SeaLake/SeaLake_1211.jpg,9
Forest/Forest_1551.jpg,1
SeaLake/SeaLake_2821.jpg,9
PermanentCrop/PermanentCrop_1321.jpg,6
HerbaceousVegetation/HerbaceousVegetation_1785.jpg,2
PermanentCrop/PermanentCrop_181.jpg,6
River/River_1556.jpg,8
HerbaceousVegetation/HerbaceousVegetation_1329.jpg,2
Highway/Highway_689.jpg,3
PermanentCrop/PermanentCrop_1168.jpg,6
River/River_1208.jpg,8
Residential/Residential_2162.jpg,7
Pasture/Pasture_189.jpg,5
AnnualCrop/AnnualCrop_939.jpg,0
Forest/Forest_1754.jpg,1
AnnualCrop/AnnualCrop_1078.jpg,0
SeaLake/SeaLake_1669.jpg,9
PermanentCrop/PermanentCrop_2398.jpg,6
PermanentCrop/PermanentCrop_691.jpg,2
Industrial/Industrial_2240.jpg,4
PermanentCrop/PermanentCrop_1764.jpg,6
HerbaceousVegetation/HerbaceousVegetation_1998.jpg,2
SeaLake/SeaLake_337.jpg,0
SeaLake/SeaLake_1704.jpg,9
Residential/Residential_1053.jpg,7
HerbaceousVegetation/HerbaceousVegetation_40.jpg,2
River/River_1722.jpg,8
Pasture/Pasture_1848.jpg,5
Highway/Highway_1234.jpg,5
Forest/Forest_1359.jpg,1
PermanentCrop/PermanentCrop_2011.jpg,6
HerbaceousVegetation/HerbaceousVegetation_1485.jpg,2
Forest/Forest_2814.jpg,1
Forest/Forest_2728.jpg,1
Highway/Highway_1776.jpg,3
Residential/Residential_2822.jpg,7
River/River_733.jpg,8
PermanentCrop/PermanentCrop_1573.jpg,2
PermanentCrop/PermanentCrop_2082.jpg,6
PermanentCrop/PermanentCrop_260.jpg,6
Forest/Forest_1438.jpg,1
HerbaceousVegetation/HerbaceousVegetation_2516.jpg,2
Residential/Residential_2590.jpg,7
PermanentCrop/PermanentCrop_1924.jpg,6
HerbaceousVegetation/HerbaceousVegetation_633.jpg,2
River/River_2340.jpg,8
Residential/Residential_2548.jpg,7
Highway/Highway_1528.jpg,3
HerbaceousVegetation/HerbaceousVegetation_2906.jpg,2
Pasture/Pasture_916.jpg,5
PermanentCrop/PermanentCrop_558.jpg,6
Forest/Forest_1400.jpg,1
SeaLake/SeaLake_159.jpg,9
Residential/Residential_2533.jpg,7
Residential/Residential_2108.jpg,7
Residential/Residential_2401.jpg,7
Industrial/Industrial_1495.jpg,4
Residential/Residential_1107.jpg,7
Pasture/Pasture_1001.jpg,5
AnnualCrop/AnnualCrop_831.jpg,8
Forest/Forest_1203.jpg,1
Pasture/Pasture_818.jpg,5
SeaLake/SeaLake_1590.jpg,9
SeaLake/SeaLake_1682.jpg,0
Highway/Highway_2157.jpg,3
Forest/Forest_1546.jpg,1
AnnualCrop/AnnualCrop_2706.jpg,0
Industrial/Industrial_1100.jpg,4
SeaLake/SeaLake_644.jpg,9
River/River_920.jpg,8
AnnualCrop/AnnualCrop_1253.jpg,0
Residential/Residential_569.jpg,7
Industrial/Industrial_1668.jpg,4
Industrial/Industrial_2424.jpg,4
AnnualCrop/AnnualCrop_80.jpg,0
PermanentCrop/PermanentCrop_1401.jpg,6
Residential/Residential_1373.jpg,7
Forest/Forest_2082.jpg,1
Residential/Residential_648.jpg,7
HerbaceousVegetation/HerbaceousVegetation_2536.jpg,2
Highway/Highway_2486.jpg,3
SeaLake/SeaLake_2218.jpg,9
PermanentCrop/PermanentCrop_1445.jpg,6
Residential/Residential_1599.jpg,7
River/River_889.jpg,8
Industrial/Industrial_2358.jpg,4
Highway/Highway_836.jpg,3
Pasture/Pasture_254.jpg,5
River/River_431.jpg,8
Residential/Residential_661.jpg,7
River/River_1138.jpg,8
Industrial/Industrial_1070.jpg,4
Pasture/Pasture_1162.jpg,5
Residential/Residential_702.jpg,7
River/River_1404.jpg,8
HerbaceousVegetation/HerbaceousVegetation_2005.jpg,2
Forest/Forest_1455.jpg,1
SeaLake/SeaLake_638.jpg,9
PermanentCrop/PermanentCrop_552.jpg,6
Residential/Residential_2691.jpg,7
AnnualCrop/AnnualCrop_336.jpg,0
Forest/Forest_2269.jpg,1
SeaLake/SeaLake_588.jpg,9
HerbaceousVegetation/HerbaceousVegetation_2230.jpg,2
Pasture/Pasture_579.jpg,5
Pasture/Pasture_1033.jpg,5
HerbaceousVegetation/HerbaceousVegetation_2373.jpg,2
PermanentCrop/PermanentCrop_1877.jpg,6
Pasture/Pasture_1255.jpg,5
AnnualCrop/AnnualCrop_1102.jpg,0
Highway/Highway_2282.jpg,3
SeaLake/SeaLake_553.jpg,9
Residential/Residential_415.jpg,7
Industrial/Industrial_1039.jpg,4
River/River_1444.jpg,8
PermanentCrop/PermanentCrop_2324.jpg,6
Residential/Residential_2811.jpg,7
Forest/Forest_1970.jpg,1
HerbaceousVegetation/HerbaceousVegetation_1213.jpg,2
AnnualCrop/AnnualCrop_1784.jpg,0
Industrial/Industrial_399.jpg,4
Highway/Highway_1116.jpg,3
River/River_1890.jpg,8
Industrial/Industrial_2122.jpg,4
Residential/Residential_1049.jpg,7
Industrial/Industrial_1505.jpg,4
HerbaceousVegetation/HerbaceousVegetation_1574.jpg,2
HerbaceousVegetation/HerbaceousVegetation_652.jpg,2
HerbaceousVegetation/HerbaceousVegetation_363.jpg,2
PermanentCrop/PermanentCrop_986.jpg,6
Industrial/Industrial_1302.jpg,4
HerbaceousVegetation/HerbaceousVegetation_337.jpg,2
HerbaceousVegetation/HerbaceousVegetation_119.jpg,2
HerbaceousVegetation/HerbaceousVegetation_1151.jpg,2
AnnualCrop/AnnualCrop_1238.jpg,0
PermanentCrop/PermanentCrop_532.jpg,6
Forest/Forest_2.jpg,1
Highway/Highway_149.jpg,3
HerbaceousVegetation/HerbaceousVegetation_68.jpg,2
Forest/Forest_2074.jpg,1
PermanentCrop/PermanentCrop_1186.jpg,6
AnnualCrop/AnnualCrop_1934.jpg,0
Industrial/Industrial_719.jpg,4
River/River_2059.jpg,8
Forest/Forest_2481.jpg,1
Pasture/Pasture_1578.jpg,5
PermanentCrop/PermanentCrop_866.jpg,6
HerbaceousVegetation/HerbaceousVegetation_92.jpg,2
SeaLake/SeaLake_502.jpg,9
Industrial/Industrial_371.jpg,4
Pasture/Pasture_1912.jpg,5
Industrial/Industrial_695.jpg,4
Pasture/Pasture_915.jpg,5
HerbaceousVegetation/HerbaceousVegetation_1123.jpg,2
Forest/Forest_1464.jpg,1
Forest/Forest_762.jpg,1
Residential/Residential_883.jpg,7
River/River_54.jpg,5
Forest/Forest_348.jpg,1
AnnualCrop/AnnualCrop_2177.jpg,0
Residential/Residential_1488.jpg,7
AnnualCrop/AnnualCrop_863.jpg,0
Forest/Forest_1777.jpg,1
River/River_859.jpg,8
SeaLake/SeaLake_2283.jpg,9
Industrial/Industrial_2428.jpg,4
Pasture/Pasture_319.jpg,5
Industrial/Industrial_1797.jpg,4
HerbaceousVegetation/HerbaceousVegetation_2215.jpg,2
Residential/Residential_2719.jpg,7
HerbaceousVegetation/HerbaceousVegetation_2116.jpg,2
Pasture/Pasture_957.jpg,5
Highway/Highway_1861.jpg,3
AnnualCrop/AnnualCrop_840.jpg,0
Pasture/Pasture_418.jpg,5
SeaLake/SeaLake_529.jpg,9
AnnualCrop/AnnualCrop_471.jpg,0
River/River_1475.jpg,8
Forest/Forest_2293.jpg,1
Highway/Highway_343.jpg,3
Residential/Residential_1193.jpg,7
SeaLake/SeaLake_1388.jpg,9
Highway/Highway_157.jpg,3
River/River_667.jpg,3
River/River_245.jpg,8
Highway/Highway_1366.jpg,3
Industrial/Industrial_1587.jpg,6
AnnualCrop/AnnualCrop_196.jpg,0
SeaLake/SeaLake_858.jpg,9
PermanentCrop/PermanentCrop_1250.jpg,2
SeaLake/SeaLake_892.jpg,9
River/River_252.jpg,8
Forest/Forest_2937.jpg,1
Industrial/Industrial_383.jpg,4
River/River_786.jpg,8
Residential/Residential_2952.jpg,7
HerbaceousVegetation/HerbaceousVegetation_642.jpg,2
AnnualCrop/AnnualCrop_828.jpg,0
Pasture/Pasture_1104.jpg,5
Forest/Forest_2321.jpg,1
HerbaceousVegetation/HerbaceousVegetation_1598.jpg,2
SeaLake/SeaLake_914.jpg,9
Forest/Forest_1651.jpg,1
PermanentCrop/PermanentCrop_1185.jpg,6
Pasture/Pasture_1995.jpg,5
Pasture/Pasture_1396.jpg,5
PermanentCrop/PermanentCrop_193.jpg,6
Forest/Forest_662.jpg,1
Forest/Forest_386.jpg,1
PermanentCrop/PermanentCrop_377.jpg,6
PermanentCrop/PermanentCrop_1532.jpg,6
Residential/Residential_508.jpg,7
Residential/Residential_2029.jpg,7
SeaLake/SeaLake_1742.jpg,9
River/River_165.jpg,8
Residential/Residential_209.jpg,7
River/River_2428.jpg,8
Forest/Forest_2507.jpg,1
Forest/Forest_2368.jpg,1
SeaLake/SeaLake_1483.jpg,9
River/River_2343.jpg,8
PermanentCrop/PermanentCrop_2474.jpg,6
River/River_2100.jpg,8
Forest/Forest_2869.jpg,1
River/River_922.jpg,8
Forest/Forest_2778.jpg,1
PermanentCrop/PermanentCrop_1305.jpg,2
PermanentCrop/PermanentCrop_101.jpg,6
Residential/Residential_403.jpg,7
Highway/Highway_1922.jpg,3
Residential/Residential_2369.jpg,7
SeaLake/SeaLake_35.jpg,9
SeaLake/SeaLake_1232.jpg,9
Forest/Forest_942.jpg,1
HerbaceousVegetation/HerbaceousVegetation_2066.jpg,2
Residential/Residential_1118.jpg,7
Highway/Highway_407.jpg,3
SeaLake/SeaLake_584.jpg,9
River/River_1466.jpg,8
Pasture/Pasture_1059.jpg,5
AnnualCrop/AnnualCrop_14.jpg,0
Pasture/Pasture_1225.jpg,5
HerbaceousVegetation/HerbaceousVegetation_2628.jpg,2
AnnualCrop/AnnualCrop_914.jpg,0
Residential/Residential_1800.jpg,7
HerbaceousVegetation/HerbaceousVegetation_1448.jpg,2
Forest/Forest_2585.jpg,1
Industrial/Industrial_296.jpg,4
Forest/Forest_1369.jpg,1
AnnualCrop/AnnualCrop_2452.jpg,0
Industrial/Industrial_1300.jpg,4
Highway/Highway_1592.jpg,3
HerbaceousVegetation/HerbaceousVegetation_458.jpg,2
Pasture/Pasture_1935.jpg,5
SeaLake/SeaLake_837.jpg,9
SeaLake/SeaLake_1191.jpg,9
SeaLake/SeaLake_2646.jpg,9
Industrial/Industrial_460.jpg,4
AnnualCrop/AnnualCrop_503.jpg,0
AnnualCrop/AnnualCrop_2428.jpg,6
Highway/Highway_1149.jpg,3
River/River_1769.jpg,8
Residential/Residential_2849.jpg,7
AnnualCrop/AnnualCrop_2660.jpg,0
Highway/Highway_485.jpg,3
Residential/Residential_2957.jpg,7
PermanentCrop/PermanentCrop_44.jpg,0
Highway/Highway_2242.jpg,3
AnnualCrop/AnnualCrop_920.jpg,0
River/River_645.jpg,8
Residential/Residential_1139.jpg,7
Highway/Highway_2020.jpg,3
Forest/Forest_1745.jpg,2
AnnualCrop/AnnualCrop_2465.jpg,0
SeaLake/SeaLake_480.jpg,9
PermanentCrop/PermanentCrop_1477.jpg,6
AnnualCrop/AnnualCrop_308.jpg,5
SeaLake/SeaLake_2089.jpg,9
Industrial/Industrial_180.jpg,4
Highway/Highway_1903.jpg,3
HerbaceousVegetation/HerbaceousVegetation_1176.jpg,2
HerbaceousVegetation/HerbaceousVegetation_1721.jpg,2
Residential/Residential_2104.jpg,7
PermanentCrop/PermanentCrop_1814.jpg,6
Residential/Residential_2688.jpg,7
HerbaceousVegetation/HerbaceousVegetation_662.jpg,2
SeaLake/SeaLake_1497.jpg,9
SeaLake/SeaLake_487.jpg,9
Industrial/Industrial_1088.jpg,4
Industrial/Industrial_2303.jpg,4
Forest/Forest_42.jpg,1
AnnualCrop/AnnualCrop_2273.jpg,0
Residential/Residential_1482.jpg,7
Highway/Highway_1710.jpg,3
PermanentCrop/PermanentCrop_1407.jpg,6
River/River_497.jpg,8
Forest/Forest_2378.jpg,1
HerbaceousVegetation/HerbaceousVegetation_1836.jpg,2
Pasture/Pasture_1704.jpg,5
Highway/Highway_1422.jpg,3
River/River_1290.jpg,8
HerbaceousVegetation/HerbaceousVegetation_1535.jpg,2
Pasture/Pasture_1167.jpg,5
AnnualCrop/AnnualCrop_2817.jpg,0
Pasture/Pasture_1712.jpg,5
Forest/Forest_403.jpg,1
Residential/Residential_756.jpg,7
HerbaceousVegetation/HerbaceousVegetation_2437.jpg,2
Forest/Forest_2970.jpg,1
SeaLake/SeaLake_2559.jpg,9
Residential/Residential_1491.jpg,7
SeaLake/SeaLake_862.jpg,9
AnnualCrop/AnnualCrop_2653.jpg,0
AnnualCrop/AnnualCrop_2462.jpg,0
HerbaceousVegetation/HerbaceousVegetation_1563.jpg,2
River/River_1876.jpg,8
Forest/Forest_2028.jpg,1
PermanentCrop/PermanentCrop_68.jpg,6
Industrial/Industrial_2497.jpg,4
Residential/Residential_164.jpg,7
Pasture/Pasture_1750.jpg,5
Highway/Highway_806.jpg,3
SeaLake/SeaLake_962.jpg,9
Pasture/Pasture_16.jpg,5
River/River_2105.jpg,8
SeaLake/SeaLake_753.jpg,9
Forest/Forest_1007.jpg,1
Highway/Highway_1583.jpg,3
Forest/Forest_2524.jpg,1
HerbaceousVegetation/HerbaceousVegetation_472.jpg,2
River/River_1743.jpg,8
Residential/Residential_1971.jpg,7
AnnualCrop/AnnualCrop_908.jpg,0
Highway/Highway_1837.jpg,3
Forest/Forest_364.jpg,1
AnnualCrop/AnnualCrop_733.jpg,0
River/River_1308.jpg,8
Industrial/Industrial_1259.jpg,4
Industrial/Industrial_269.jpg,4
PermanentCrop/PermanentCrop_1328.jpg,6
Forest/Forest_272.jpg,1
Highway/Highway_1640.jpg,3
Residential/Residential_2660.jpg,7
Residential/Residential_1730.jpg,7
Highway/Highway_874.jpg,3
Industrial/Industrial_244.jpg,4
Highway/Highway_2345.jpg,3
River/River_2333.jpg,8
Pasture/Pasture_1654.jpg,5
Industrial/Industrial_1456.jpg,4
Pasture/Pasture_54.jpg,5
Forest/Forest_744.jpg,1
River/River_269.jpg,8
PermanentCrop/PermanentCrop_1223.jpg,6
Residential/Residential_1231.jpg,7
River/River_796.jpg,8
River/River_1277.jpg,8
SeaLake/SeaLake_178.jpg,9
River/River_801.jpg,8
Residential/Residential_2922.jpg,7
Highway/Highway_2352.jpg,3
Residential/Residential_2356.jpg,7
Highway/Highway_1975.jpg,3
Residential/Residential_2836.jpg,7
AnnualCrop/AnnualCrop_1728.jpg,0
Highway/Highway_873.jpg,3
Forest/Forest_703.jpg,1
PermanentCrop/PermanentCrop_775.jpg,6
SeaLake/SeaLake_1485.jpg,9
Forest/Forest_318.jpg,8
AnnualCrop/AnnualCrop_317.jpg,0
Pasture/Pasture_1801.jpg,5
HerbaceousVegetation/HerbaceousVegetation_1640.jpg,2
Forest/Forest_2126.jpg,1
Pasture/Pasture_975.jpg,5
Forest/Forest_374.jpg,1
River/River_1415.jpg,8
Highway/Highway_2399.jpg,3
AnnualCrop/AnnualCrop_2716.jpg,0
Industrial/Industrial_1536.jpg,7
Industrial/Industrial_2020.jpg,4
SeaLake/SeaLake_88.jpg,9
Industrial/Industrial_1383.jpg,4
River/River_1222.jpg,8
PermanentCrop/PermanentCrop_427.jpg,6
SeaLake/SeaLake_2804.jpg,9
Industrial/Industrial_1669.jpg,2
Residential/Residential_1904.jpg,7
PermanentCrop/PermanentCrop_366.jpg,6
River/River_1452.jpg,8
HerbaceousVegetation/HerbaceousVegetation_2609.jpg,2
Highway/Highway_1720.jpg,3
River/River_368.jpg,8
PermanentCrop/PermanentCrop_1781.jpg,6
SeaLake/SeaLake_1369.jpg,9
HerbaceousVegetation/HerbaceousVegetation_2678.jpg,2
AnnualCrop/AnnualCrop_2478.jpg,0
Pasture/Pasture_191.jpg,5
River/River_1007.jpg,8
Pasture/Pasture_1919.jpg,5
SeaLake/SeaLake_239.jpg,8
HerbaceousVegetation/HerbaceousVegetation_395.jpg,2
Highway/Highway_2358.jpg,3
SeaLake/SeaLake_1531.jpg,9
HerbaceousVegetation/HerbaceousVegetation_2552.jpg,2
Industrial/Industrial_2347.jpg,4
SeaLake/SeaLake_464.jpg,9
PermanentCrop/PermanentCrop_2496.jpg,6
River/River_33.jpg,8
River/River_1885.jpg,8
Forest/Forest_2067.jpg,1
River/River_1409.jpg,8
HerbaceousVegetation/HerbaceousVegetation_563.jpg,2
SeaLake/SeaLake_2271.jpg,9
SeaLake/SeaLake_2023.jpg,9
Forest/Forest_3000.jpg,1
Highway/Highway_1814.jpg,3
Highway/Highway_2260.jpg,3
HerbaceousVegetation/HerbaceousVegetation_636.jpg,2
Forest/Forest_788.jpg,1
Highway/Highway_1714.jpg,3
Industrial/Industrial_501.jpg,4
HerbaceousVegetation/HerbaceousVegetation_1002.jpg,2
Pasture/Pasture_1864.jpg,5
AnnualCrop/AnnualCrop_318.jpg,8
River/River_49.jpg,8
Pasture/Pasture_1936.jpg,5
AnnualCrop/AnnualCrop_750.jpg,0
PermanentCrop/PermanentCrop_1018.jpg,6
Forest/Forest_1840.jpg,1
Forest/Forest_1022.jpg,1
Residential/Residential_177.jpg,7
AnnualCrop/AnnualCrop_2846.jpg,0
Industrial/Industrial_1526.jpg,4
Forest/Forest_1276.jpg,1
Forest/Forest_2493.jpg,1
River/River_499.jpg,8
Highway/Highway_112.jpg,3
Residential/Residential_2684.jpg,7
HerbaceousVegetation/HerbaceousVegetation_2076.jpg,2
AnnualCrop/AnnualCrop_704.jpg,0
Residential/Residential_1541.jpg,7
Forest/Forest_74.jpg,1
Highway/Highway_2116.jpg,3
HerbaceousVegetation/HerbaceousVegetation_2086.jpg,2
Forest/Forest_1469.jpg,1
Residential/Residential_1621.jpg,7
Industrial/Industrial_2492.jpg,4
Residential/Residential_914.jpg,7
Industrial/Industrial_865.jpg,4
Pasture/Pasture_463.jpg,5
PermanentCrop/PermanentCrop_896.jpg,6
SeaLake/SeaLake_254.jpg,9
Residential/Residential_407.jpg,7
Highway/Highway_2452.jpg,3
Industrial/Industrial_2447.jpg,4
River/River_299.jpg,8
River/River_1674.jpg,8
SeaLake/SeaLake_1747.jpg,9
AnnualCrop/AnnualCrop_1627.jpg,3
SeaLake/SeaLake_2858.jpg,9
HerbaceousVegetation/HerbaceousVegetation_699.jpg,2
Forest/Forest_529.jpg,1
Residential/Residential_1233.jpg,7
Highway/Highway_1904.jpg,3
Industrial/Industrial_1241.jpg,4
PermanentCrop/PermanentCrop_2098.jpg,6
PermanentCrop/PermanentCrop_2017.jpg,6
Industrial/Industrial_2004.jpg,4
HerbaceousVegetation/HerbaceousVegetation_2483.jpg,2
Forest/Forest_1178.jpg,1
PermanentCrop/PermanentCrop_1431.jpg,6
Residential/Residential_196.jpg,7
Forest/Forest_2127.jpg,1
PermanentCrop/PermanentCrop_1577.jpg,6
Highway/Highway_442.jpg,3
Highway/Highway_440.jpg,3
Forest/Forest_1791.jpg,1
River/River_905.jpg,8
AnnualCrop/AnnualCrop_2816.jpg,0
SeaLake/SeaLake_1057.jpg,9
Forest/Forest_1835.jpg,1
HerbaceousVegetation/HerbaceousVegetation_911.jpg,2
Highway/Highway_236.jpg,3
Residential/Residential_976.jpg,7
PermanentCrop/PermanentCrop_980.jpg,6
SeaLake/SeaLake_1620.jpg,9
Residential/Residential_1639.jpg,7
AnnualCrop/AnnualCrop_90.jpg,8
Industrial/Industrial_138.jpg,4
Industrial/Industrial_1252.jpg,4
SeaLake/SeaLake_2323.jpg,9
AnnualCrop/AnnualCrop_1405.jpg,0
AnnualCrop/AnnualCrop_1962.jpg,0
Industrial/Industrial_895.jpg,4
Forest/Forest_2667.jpg,1
Residential/Residential_17.jpg,7
HerbaceousVegetation/HerbaceousVegetation_2700.jpg,2
Forest/Forest_284.jpg,1
AnnualCrop/AnnualCrop_385.jpg,0
PermanentCrop/PermanentCrop_1509.jpg,2
Industrial/Industrial_197.jpg,4
Highway/Highway_1779.jpg,3
Industrial/Industrial_359.jpg,4
River/River_1611.jpg,8
HerbaceousVegetation/HerbaceousVegetation_1011.jpg,2
SeaLake/SeaLake_1104.jpg,9
PermanentCrop/PermanentCrop_1007.jpg,6
Industrial/Industrial_1407.jpg,4
Highway/Highway_1080.jpg,3
Forest/Forest_760.jpg,1
HerbaceousVegetation/HerbaceousVegetation_464.jpg,2
PermanentCrop/PermanentCrop_621.jpg,6
Forest/Forest_2977.jpg,1
Industrial/Industrial_2055.jpg,4
Forest/Forest_1048.jpg,1
Pasture/Pasture_1600.jpg,5
PermanentCrop/PermanentCrop_235.jpg,6
Forest/Forest_1707.jpg,1
SeaLake/SeaLake_173.jpg,0
HerbaceousVegetation/HerbaceousVegetation_757.jpg,0
Highway/Highway_194.jpg,3
River/River_1929.jpg,8
Highway/Highway_341.jpg,3
River/River_548.jpg,8
River/River_2393.jpg,8
Highway/Highway_2320.jpg,3
SeaLake/SeaLake_2861.jpg,9
River/River_490.jpg,8
Pasture/Pasture_238.jpg,5
Industrial/Industrial_90.jpg,7
Residential/Residential_1990.jpg,7
AnnualCrop/AnnualCrop_1282.jpg,0
Highway/Highway_2012.jpg,3
Industrial/Industrial_365.jpg,4
Highway/Highway_367.jpg,3
Highway/Highway_1457.jpg,3
Highway/Highway_1548.jpg,3
Forest/Forest_2836.jpg,1
Residential/Residential_791.jpg,7
Pasture/Pasture_231.jpg,5
SeaLake/SeaLake_2933.jpg,9
Industrial/Industrial_1438.jpg,4
Industrial/Industrial_178.jpg,4
SeaLake/SeaLake_1105.jpg,9
HerbaceousVegetation/HerbaceousVegetation_2761.jpg,2
SeaLake/SeaLake_2141.jpg,9
Highway/Highway_2204.jpg,3
Industrial/Industrial_1786.jpg,4
Residential/Residential_496.jpg,7
SeaLake/SeaLake_5.jpg,9
SeaLake/SeaLake_685.jpg,9
HerbaceousVegetation/HerbaceousVegetation_2001.jpg,2
HerbaceousVegetation/HerbaceousVegetation_1050.jpg,2
Pasture/Pasture_420.jpg,5
Highway/Highway_62.jpg,3
HerbaceousVegetation/HerbaceousVegetation_2802.jpg,2
Pasture/Pasture_1171.jpg,5
HerbaceousVegetation/HerbaceousVegetation_537.jpg,2
PermanentCrop/PermanentCrop_2464.jpg,6
Pasture/Pasture_1277.jpg,2
Pasture/Pasture_1805.jpg,5
Pasture/Pasture_1831.jpg,5
PermanentCrop/PermanentCrop_1344.jpg,6
Forest/Forest_2518.jpg,1
Industrial/Industrial_86.jpg,4
Forest/Forest_298.jpg,1
Forest/Forest_624.jpg,1
Residential/Residential_2903.jpg,7
HerbaceousVegetation/HerbaceousVegetation_431.jpg,2
Residential/Residential_481.jpg,7
Residential/Residential_1410.jpg,7
AnnualCrop/AnnualCrop_2065.jpg,0
PermanentCrop/PermanentCrop_706.jpg,6
Forest/Forest_2221.jpg,1
Forest/Forest_215.jpg,1
Industrial/Industrial_1616.jpg,4
AnnualCrop/AnnualCrop_1415.jpg,0
AnnualCrop/AnnualCrop_153.jpg,0
Forest/Forest_1601.jpg,1
AnnualCrop/AnnualCrop_2378.jpg,0
Residential/Residential_1161.jpg,7
Highway/Highway_1789.jpg,3
SeaLake/SeaLake_2963.jpg,9
Highway/Highway_1654.jpg,8
River/River_831.jpg,8
AnnualCrop/AnnualCrop_1702.jpg,0
SeaLake/SeaLake_2275.jpg,9
AnnualCrop/AnnualCrop_1411.jpg,0
PermanentCrop/PermanentCrop_2352.jpg,6
Pasture/Pasture_1862.jpg,5
Highway/Highway_1466.jpg,8
PermanentCrop/PermanentCrop_82.jpg,6
Residential/Residential_2497.jpg,7
SeaLake/SeaLake_1067.jpg,9
Highway/Highway_683.jpg,3
Industrial/Industrial_1763.jpg,4
HerbaceousVegetation/HerbaceousVegetation_568.jpg,2
PermanentCrop/PermanentCrop_117.jpg,6
HerbaceousVegetation/HerbaceousVegetation_1014.jpg,2
Residential/Residential_1688.jpg,7
AnnualCrop/AnnualCrop_2237.jpg,0
SeaLake/SeaLake_2542.jpg,9
Highway/Highway_1272.jpg,3
AnnualCrop/AnnualCrop_1180.jpg,0
HerbaceousVegetation/HerbaceousVegetation_1789.jpg,2
Residential/Residential_13.jpg,7
SeaLake/SeaLake_410.jpg,9
Forest/Forest_1506.jpg,1
SeaLake/SeaLake_1863.jpg,9
Pasture/Pasture_270.jpg,5
PermanentCrop/PermanentCrop_626.jpg,6
HerbaceousVegetation/HerbaceousVegetation_247.jpg,2
HerbaceousVegetation/HerbaceousVegetation_1686.jpg,2
Pasture/Pasture_837.jpg,5
River/River_448.jpg,8
River/River_7.jpg,8
PermanentCrop/PermanentCrop_643.jpg,6
Highway/Highway_811.jpg,3
SeaLake/SeaLake_2062.jpg,9
HerbaceousVegetation/HerbaceousVegetation_956.jpg,5
Highway/Highway_1120.jpg,3
AnnualCrop/AnnualCrop_1718.jpg,0
Forest/Forest_2858.jpg,1
River/River_1387.jpg,8
Highway/Highway_2198.jpg,5
AnnualCrop/AnnualCrop_717.jpg,0
Pasture/Pasture_1247.jpg,5
Residential/Residential_312.jpg,7
Forest/Forest_1853.jpg,1
PermanentCrop/PermanentCrop_833.jpg,6
HerbaceousVegetation/HerbaceousVegetation_2696.jpg,2
PermanentCrop/PermanentCrop_846.jpg,6
PermanentCrop/PermanentCrop_512.jpg,6
Forest/Forest_2183.jpg,1
HerbaceousVegetation/HerbaceousVegetation_381.jpg,2
HerbaceousVegetation/HerbaceousVegetation_1953.jpg,2
Pasture/Pasture_1876.jpg,5
PermanentCrop/PermanentCrop_911.jpg,6
AnnualCrop/AnnualCrop_869.jpg,0
HerbaceousVegetation/HerbaceousVegetation_854.jpg,2
Pasture/Pasture_1752.jpg,5
AnnualCrop/AnnualCrop_1085.jpg,0
Highway/Highway_2438.jpg,3
HerbaceousVegetation/HerbaceousVegetation_186.jpg,2
PermanentCrop/PermanentCrop_1856.jpg,6
AnnualCrop/AnnualCrop_2070.jpg,0
SeaLake/SeaLake_1729.jpg,9
AnnualCrop/AnnualCrop_2121.jpg,0
River/River_752.jpg,8
Industrial/Industrial_2226.jpg,4
Forest/Forest_1071.jpg,1
Highway/Highway_1626.jpg,3
Forest/Forest_2532.jpg,1
SeaLake/SeaLake_356.jpg,9
AnnualCrop/AnnualCrop_1202.jpg,0
River/River_1507.jpg,8
HerbaceousVegetation/HerbaceousVegetation_511.jpg,2
PermanentCrop/PermanentCrop_1545.jpg,6
Forest/Forest_2049.jpg,1
River/River_2335.jpg,8
HerbaceousVegetation/HerbaceousVegetation_1364.jpg,2
Residential/Residential_77.jpg,7
Pasture/Pasture_1964.jpg,5
SeaLake/SeaLake_2366.jpg,9
AnnualCrop/AnnualCrop_2765.jpg,0
River/River_746.jpg,8
Residential/Residential_955.jpg,7
Residential/Residential_2281.jpg,7
Residential/Residential_305.jpg,7
SeaLake/SeaLake_893.jpg,9
Residential/Residential_1996.jpg,7
Residential/Residential_2244.jpg,7
Highway/Highway_824.jpg,3
River/River_1322.jpg,8
Forest/Forest_938.jpg,1
River/River_807.jpg,8
Forest/Forest_1142.jpg,1
Pasture/Pasture_1264.jpg,5
Residential/Residential_668.jpg,7
AnnualCrop/AnnualCrop_1157.jpg,8
SeaLake/SeaLake_2090.jpg,9
Forest/Forest_70.jpg,1
Highway/Highway_2398.jpg,3
Highway/Highway_1946.jpg,3
Residential/Residential_329.jpg,7
Residential/Residential_1002.jpg,7
River/River_236.jpg,8
Highway/Highway_568.jpg,3
AnnualCrop/AnnualCrop_1179.jpg,0
River/River_1766.jpg,8
PermanentCrop/PermanentCrop_2244.jpg,2
Pasture/Pasture_669.jpg,5
AnnualCrop/AnnualCrop_2686.jpg,0
Industrial/Industrial_896.jpg,4
SeaLake/SeaLake_1244.jpg,9
HerbaceousVegetation/HerbaceousVegetation_606.jpg,2
SeaLake/SeaLake_2334.jpg,9
Forest/Forest_1213.jpg,1
Industrial/Industrial_1197.jpg,4
HerbaceousVegetation/HerbaceousVegetation_1792.jpg,2
AnnualCrop/AnnualCrop_1643.jpg,0
PermanentCrop/PermanentCrop_2132.jpg,6
Forest/Forest_2211.jpg,1
Residential/Residential_2041.jpg,7
PermanentCrop/PermanentCrop_1906.jpg,6
Industrial/Industrial_1258.jpg,4
Industrial/Industrial_349.jpg,4
River/River_2146.jpg,8
Forest/Forest_1281.jpg,1
Forest/Forest_1876.jpg,1
Residential/Residential_2072.jpg,7
Highway/Highway_436.jpg,3
Residential/Residential_374.jpg,7
Forest/Forest_2802.jpg,1
SeaLake/SeaLake_2631.jpg,9
Forest/Forest_1665.jpg,1
Industrial/Industrial_700.jpg,7
HerbaceousVegetation/HerbaceousVegetation_1577.jpg,2
Industrial/Industrial_1393.jpg,4
Industrial/Industrial_1478.jpg,4
PermanentCrop/PermanentCrop_801.jpg,6
AnnualCrop/AnnualCrop_2036.jpg,0
Residential/Residential_1590.jpg,7
Forest/Forest_2963.jpg,1
PermanentCrop/PermanentCrop_633.jpg,6
SeaLake/SeaLake_459.jpg,9
River/River_1059.jpg,8
Pasture/Pasture_479.jpg,8
HerbaceousVegetation/HerbaceousVegetation_889.jpg,2
AnnualCrop/AnnualCrop_2858.jpg,0
Residential/Residential_470.jpg,7
HerbaceousVegetation/HerbaceousVegetation_2444.jpg,2
Highway/Highway_1415.jpg,3
AnnualCrop/AnnualCrop_475.jpg,0
Residential/Residential_1134.jpg,7
Residential/Residential_1877.jpg,7
River/River_2322.jpg,8
Residential/Residential_2599.jpg,7
Residential/Residential_1831.jpg,7
Pasture/Pasture_539.jpg,5
AnnualCrop/AnnualCrop_1566.jpg,0
SeaLake/SeaLake_2607.jpg,9
AnnualCrop/AnnualCrop_1820.jpg,0
AnnualCrop/AnnualCrop_438.jpg,0
SeaLake/SeaLake_2151.jpg,9
SeaLake/SeaLake_2390.jpg,9
Industrial/Industrial_553.jpg,4
Pasture/Pasture_433.jpg,5
PermanentCrop/PermanentCrop_1430.jpg,6
Forest/Forest_2026.jpg,1
River/River_1791.jpg,8
AnnualCrop/AnnualCrop_1081.jpg,0
Forest/Forest_2114.jpg,1
Forest/Forest_1179.jpg,1
HerbaceousVegetation/HerbaceousVegetation_2379.jpg,2
PermanentCrop/PermanentCrop_305.jpg,2
PermanentCrop/PermanentCrop_700.jpg,6
Forest/Forest_1811.jpg,1
AnnualCrop/AnnualCrop_1570.jpg,0
River/River_1171.jpg,5
Residential/Residential_2461.jpg,7
HerbaceousVegetation/HerbaceousVegetation_1365.jpg,2
River/River_137.jpg,8
Highway/Highway_1646.jpg,3
Highway/Highway_1406.jpg,3
Forest/Forest_385.jpg,1
Forest/Forest_1571.jpg,1
Residential/Residential_797.jpg,7
HerbaceousVegetation/HerbaceousVegetation_1673.jpg,2
PermanentCrop/PermanentCrop_2381.jpg,6
PermanentCrop/PermanentCrop_831.jpg,6
HerbaceousVegetation/HerbaceousVegetation_1317.jpg,2
Industrial/Industrial_1405.jpg,4
AnnualCrop/AnnualCrop_952.jpg,0
Pasture/Pasture_1745.jpg,5
River/River_541.jpg,8
PermanentCrop/PermanentCrop_87.jpg,5
PermanentCrop/PermanentCrop_998.jpg,6
Forest/Forest_314.jpg,1
River/River_2108.jpg,8
Industrial/Industrial_2095.jpg,4
River/River_1673.jpg,8
AnnualCrop/AnnualCrop_139.jpg,0
PermanentCrop/PermanentCrop_2055.jpg,6
Industrial/Industrial_831.jpg,4
Residential/Residential_469.jpg,7
Industrial/Industrial_1035.jpg,4
SeaLake/SeaLake_17.jpg,9
Industrial/Industrial_641.jpg,4
HerbaceousVegetation/HerbaceousVegetation_2584.jpg,2
Industrial/Industrial_1790.jpg,4
River/River_1618.jpg,8
SeaLake/SeaLake_1127.jpg,9
Industrial/Industrial_1007.jpg,4
Residential/Residential_1974.jpg,7
SeaLake/SeaLake_2560.jpg,9
Forest/Forest_2752.jpg,1
Industrial/Industrial_276.jpg,4
SeaLake/SeaLake_1115.jpg,9
HerbaceousVegetation/HerbaceousVegetation_1554.jpg,2
Industrial/Industrial_2298.jpg,4
Residential/Residential_2134.jpg,7
Forest/Forest_122.jpg,1
Pasture/Pasture_501.jpg,5
SeaLake/SeaLake_989.jpg,9
AnnualCrop/AnnualCrop_2103.jpg,0
Highway/Highway_556.jpg,3
Pasture/Pasture_1128.jpg,6
Forest/Forest_2264.jpg,1
PermanentCrop/PermanentCrop_115.jpg,6
SeaLake/SeaLake_2497.jpg,9
Highway/Highway_271.jpg,3
River/River_68.jpg,8
Pasture/Pasture_211.jpg,5
Highway/Highway_1686.jpg,3
River/River_1093.jpg,8
Forest/Forest_274.jpg,1
AnnualCrop/AnnualCrop_1847.jpg,0
PermanentCrop/PermanentCrop_1125.jpg,2
SeaLake/SeaLake_300.jpg,9
Forest/Forest_2228.jpg,1
Highway/Highway_682.jpg,3
AnnualCrop/AnnualCrop_2106.jpg,0
Residential/Residential_56.jpg,7
AnnualCrop/AnnualCrop_331.jpg,0
Highway/Highway_1236.jpg,3
AnnualCrop/AnnualCrop_581.jpg,0
HerbaceousVegetation/HerbaceousVegetation_1807.jpg,2
River/River_874.jpg,8
SeaLake/SeaLake_655.jpg,9
Residential/Residential_300.jpg,7
Highway/Highway_567.jpg,3
HerbaceousVegetation/HerbaceousVegetation_1741.jpg,2
AnnualCrop/AnnualCrop_247.jpg,0
AnnualCrop/AnnualCrop_1162.jpg,0
Residential/Residential_2843.jpg,7
River/River_152.jpg,8
River/River_355.jpg,8
SeaLake/SeaLake_748.jpg,9
Pasture/Pasture_1330.jpg,5
River/River_1420.jpg,8
PermanentCrop/PermanentCrop_543.jpg,6
River/River_2142.jpg,8
Forest/Forest_2092.jpg,1
HerbaceousVegetation/HerbaceousVegetation_2029.jpg,2
SeaLake/SeaLake_244.jpg,9
Industrial/Industrial_1000.jpg,4
Industrial/Industrial_1847.jpg,4
SeaLake/SeaLake_2007.jpg,9
PermanentCrop/PermanentCrop_554.jpg,6
Forest/Forest_1943.jpg,1
SeaLake/SeaLake_2006.jpg,9
SeaLake/SeaLake_1873.jpg,9
PermanentCrop/PermanentCrop_401.jpg,6
Highway/Highway_1755.jpg,3
Pasture/Pasture_575.jpg,5
Pasture/Pasture_1221.jpg,5
AnnualCrop/AnnualCrop_1757.jpg,0
Industrial/Industrial_555.jpg,4
Residential/Residential_2515.jpg,7
Pasture/Pasture_636.jpg,5
River/River_76.jpg,8
Industrial/Industrial_82.jpg,4
River/River_2168.jpg,8
Highway/Highway_1817.jpg,3
Residential/Residential_2954.jpg,7
HerbaceousVegetation/HerbaceousVegetation_808.jpg,2
Industrial/Industrial_708.jpg,4
AnnualCrop/AnnualCrop_2255.jpg,0
Pasture/Pasture_124.jpg,5
PermanentCrop/PermanentCrop_2184.jpg,6
River/River_1001.jpg,8
Forest/Forest_613.jpg,1
PermanentCrop/PermanentCrop_1092.jpg,6
Pasture/Pasture_1362.jpg,5
Pasture/Pasture_481.jpg,5
Pasture/Pasture_678.jpg,5
HerbaceousVegetation/HerbaceousVegetation_2867.jpg,2
Forest/Forest_2078.jpg,1
PermanentCrop/PermanentCrop_1579.jpg,6
HerbaceousVegetation/HerbaceousVegetation_852.jpg,2
Forest/Forest_1023.jpg,1
Residential/Residential_1873.jpg,7
SeaLake/SeaLake_1101.jpg,9
SeaLake/SeaLake_1182.jpg,9
River/River_388.jpg,8
AnnualCrop/AnnualCrop_34.jpg,8
Pasture/Pasture_83.jpg,5
AnnualCrop/AnnualCrop_351.jpg,0
Pasture/Pasture_1930.jpg,5
Industrial/Industrial_551.jpg,4
Residential/Residential_1679.jpg,7
Industrial/Industrial_779.jpg,4
River/River_1638.jpg,8
AnnualCrop/AnnualCrop_2712.jpg,0
Industrial/Industrial_2372.jpg,4
PermanentCrop/PermanentCrop_353.jpg,2
Highway/Highway_839.jpg,3
SeaLake/SeaLake_138.jpg,9
Pasture/Pasture_1095.jpg,5
AnnualCrop/AnnualCrop_2185.jpg,0
Residential/Residential_538.jpg,7
PermanentCrop/PermanentCrop_1190.jpg,6
HerbaceousVegetation/HerbaceousVegetation_1020.jpg,2
AnnualCrop/AnnualCrop_1767.jpg,0
Highway/Highway_2181.jpg,3
Forest/Forest_199.jpg,1
Residential/Residential_2190.jpg,7
SeaLake/SeaLake_398.jpg,9
Forest/Forest_2646.jpg,1
Pasture/Pasture_1802.jpg,5
HerbaceousVegetation/HerbaceousVegetation_1283.jpg,2
Forest/Forest_2073.jpg,1
Pasture/Pasture_82.jpg,5
HerbaceousVegetation/HerbaceousVegetation_323.jpg,2
Industrial/Industrial_472.jpg,4
Industrial/Industrial_1431.jpg,4
HerbaceousVegetation/HerbaceousVegetation_1813.jpg,2
PermanentCrop/PermanentCrop_476.jpg,6
PermanentCrop/PermanentCrop_1006.jpg,6
Residential/Residential_218.jpg,7
AnnualCrop/AnnualCrop_1816.jpg,0
AnnualCrop/AnnualCrop_2346.jpg,0
HerbaceousVegetation/HerbaceousVegetation_70.jpg,2
Highway/Highway_544.jpg,3
SeaLake/SeaLake_177.jpg,9
Residential/Residential_780.jpg,7
Pasture/Pasture_1335.jpg,0
Industrial/Industrial_770.jpg,4
SeaLake/SeaLake_1695.jpg,9
HerbaceousVegetation/HerbaceousVegetation_2514.jpg,5
Forest/Forest_1436.jpg,1
River/River_2268.jpg,8
AnnualCrop/AnnualCrop_1007.jpg,0
HerbaceousVegetation/HerbaceousVegetation_1087.jpg,2
Pasture/Pasture_1523.jpg,5
Pasture/Pasture_1246.jpg,5
Residential/Residential_874.jpg,7
PermanentCrop/PermanentCrop_1438.jpg,6
Forest/Forest_846.jpg,1
Highway/Highway_882.jpg,3
Pasture/Pasture_141.jpg,5
Industrial/Industrial_1907.jpg,4
PermanentCrop/PermanentCrop_566.jpg,2
AnnualCrop/AnnualCrop_936.jpg,0
PermanentCrop/PermanentCrop_1494.jpg,6
Highway/Highway_1593.jpg,3
Highway/Highway_619.jpg,3
PermanentCrop/PermanentCrop_2452.jpg,6
River/River_313.jpg,8
SeaLake/SeaLake_1662.jpg,9
PermanentCrop/PermanentCrop_388.jpg,6
AnnualCrop/AnnualCrop_1901.jpg,0
AnnualCrop/AnnualCrop_282.jpg,0
AnnualCrop/AnnualCrop_1177.jpg,0
Residential/Residential_450.jpg,7
Industrial/Industrial_1804.jpg,6
SeaLake/SeaLake_1179.jpg,9
HerbaceousVegetation/HerbaceousVegetation_1634.jpg,2
Industrial/Industrial_839.jpg,4
HerbaceousVegetation/HerbaceousVegetation_1599.jpg,2
Forest/Forest_2233.jpg,1
Pasture/Pasture_922.jpg,5
SeaLake/SeaLake_1189.jpg,9
Highway/Highway_2301.jpg,3
AnnualCrop/AnnualCrop_2651.jpg,0
Highway/Highway_576.jpg,3
Residential/Residential_1020.jpg,7
HerbaceousVegetation/HerbaceousVegetation_2966.jpg,2
Highway/Highway_1064.jpg,3
Residential/Residential_440.jpg,7
PermanentCrop/PermanentCrop_2049.jpg,6
PermanentCrop/PermanentCrop_1543.jpg,6
Residential/Residential_2782.jpg,7
Residential/Residential_1358.jpg,7
Highway/Highway_1182.jpg,3
Forest/Forest_2848.jpg,1
PermanentCrop/PermanentCrop_58.jpg,6
Forest/Forest_2129.jpg,1
SeaLake/SeaLake_1164.jpg,9
SeaLake/SeaLake_1786.jpg,9
SeaLake/SeaLake_2729.jpg,9
Residential/Residential_1102.jpg,7
Industrial/Industrial_1728.jpg,4
AnnualCrop/AnnualCrop_2984.jpg,0
SeaLake/SeaLake_47.jpg,9
HerbaceousVegetation/HerbaceousVegetation_2947.jpg,2
AnnualCrop/AnnualCrop_1792.jpg,0
Residential/Residential_1228.jpg,7
Forest/Forest_2004.jpg,1
Forest/Forest_2140.jpg,1
Highway/Highway_460.jpg,3
Residential/Residential_173.jpg,7
PermanentCrop/PermanentCrop_1317.jpg,6
Industrial/Industrial_2490.jpg,4
River/River_2051.jpg,8
Residential/Residential_2964.jpg,7
SeaLake/SeaLake_1263.jpg,9
AnnualCrop/AnnualCrop_645.jpg,0
Forest/Forest_2258.jpg,1
Forest/Forest_799.jpg,1
River/River_1069.jpg,8
HerbaceousVegetation/HerbaceousVegetation_349.jpg,2
Forest/Forest_1906.jpg,1
SeaLake/SeaLake_2891.jpg,9
AnnualCrop/AnnualCrop_2488.jpg,0
SeaLake/SeaLake_2531.jpg,9
PermanentCrop/PermanentCrop_810.jpg,6
AnnualCrop/AnnualCrop_392.jpg,0
PermanentCrop/PermanentCrop_2431.jpg,6
AnnualCrop/AnnualCrop_1723.jpg,0
River/River_1425.jpg,8
SeaLake/SeaLake_1713.jpg,9
AnnualCrop/AnnualCrop_1860.jpg,0
Forest/Forest_349.jpg,1
Highway/Highway_1838.jpg,3
SeaLake/SeaLake_1817.jpg,9
Industrial/Industrial_469.jpg,3
Forest/Forest_1013.jpg,1
SeaLake/SeaLake_218.jpg,9
SeaLake/SeaLake_1528.jpg,9
Pasture/Pasture_283.jpg,2
HerbaceousVegetation/HerbaceousVegetation_1669.jpg,2
AnnualCrop/AnnualCrop_827.jpg,0
AnnualCrop/AnnualCrop_174.jpg,0
Industrial/Industrial_2448.jpg,4
HerbaceousVegetation/HerbaceousVegetation_546.jpg,2
Highway/Highway_1232.jpg,3
PermanentCrop/PermanentCrop_1925.jpg,6
HerbaceousVegetation/HerbaceousVegetation_2559.jpg,2
Industrial/Industrial_2274.jpg,4
Forest/Forest_2950.jpg,1
Forest/Forest_64.jpg,1
AnnualCrop/AnnualCrop_1920.jpg,0
Highway/Highway_1515.jpg,3
HerbaceousVegetation/HerbaceousVegetation_2146.jpg,2
Residential/Residential_1030.jpg,7
SeaLake/SeaLake_2026.jpg,9
Industrial/Industrial_2464.jpg,4
River/River_925.jpg,8
SeaLake/SeaLake_1107.jpg,9
Pasture/Pasture_1825.jpg,5
Industrial/Industrial_755.jpg,4
River/River_941.jpg,8
SeaLake/SeaLake_1359.jpg,9
Industrial/Industrial_793.jpg,4
Residential/Residential_344.jpg,7
PermanentCrop/PermanentCrop_1787.jpg,6
Highway/Highway_1066.jpg,3
SeaLake/SeaLake_2341.jpg,9
HerbaceousVegetation/HerbaceousVegetation_318.jpg,2
River/River_1730.jpg,8
HerbaceousVegetation/HerbaceousVegetation_960.jpg,2
SeaLake/SeaLake_1540.jpg,9
HerbaceousVegetation/HerbaceousVegetation_1188.jpg,2
Highway/Highway_5.jpg,3
SeaLake/SeaLake_2923.jpg,9
SeaLake/SeaLake_2251.jpg,9
Industrial/Industrial_1861.jpg,4
PermanentCrop/PermanentCrop_457.jpg,6
HerbaceousVegetation/HerbaceousVegetation_130.jpg,2
AnnualCrop/AnnualCrop_1717.jpg,0
SeaLake/SeaLake_1062.jpg,9
Forest/Forest_2018.jpg,1
River/River_825.jpg,8
HerbaceousVegetation/HerbaceousVegetation_99.jpg,2
AnnualCrop/AnnualCrop_2911.jpg,0
Highway/Highway_117.jpg,3
Pasture/Pasture_269.jpg,5
AnnualCrop/AnnualCrop_809.jpg,0
Forest/Forest_1796.jpg,1
River/River_564.jpg,8
Forest/Forest_588.jpg,1
River/River_1634.jpg,8
Forest/Forest_881.jpg,1
Residential/Residential_2400.jpg,7
SeaLake/SeaLake_74.jpg,9
HerbaceousVegetation/HerbaceousVegetation_228.jpg,2
Highway/Highway_1992.jpg,3
PermanentCrop/PermanentCrop_953.jpg,6
PermanentCrop/PermanentCrop_1335.jpg,6
PermanentCrop/PermanentCrop_2400.jpg,6
Forest/Forest_1552.jpg,1
HerbaceousVegetation/HerbaceousVegetation_1022.jpg,2
AnnualCrop/AnnualCrop_2928.jpg,0
Industrial/Industrial_2063.jpg,4
Highway/Highway_1451.jpg,3
River/River_239.jpg,0
AnnualCrop/AnnualCrop_2393.jpg,0
PermanentCrop/PermanentCrop_961.jpg,6
Highway/Highway_1623.jpg,3
PermanentCrop/PermanentCrop_1447.jpg,6
Pasture/Pasture_1788.jpg,5
PermanentCrop/PermanentCrop_258.jpg,6
Pasture/Pasture_1790.jpg,5
AnnualCrop/AnnualCrop_1821.jpg,0
Residential/Residential_2821.jpg,7
PermanentCrop/PermanentCrop_344.jpg,6
Residential/Residential_1560.jpg,7
AnnualCrop/AnnualCrop_2294.jpg,0
Highway/Highway_202.jpg,3
AnnualCrop/AnnualCrop_375.jpg,0
Industrial/Industrial_1053.jpg,4
River/River_1788.jpg,8
SeaLake/SeaLake_366.jpg,9
PermanentCrop/PermanentCrop_537.jpg,6
Residential/Residential_250.jpg,7
River/River_1988.jpg,8
HerbaceousVegetation/HerbaceousVegetation_1814.jpg,2
Highway/Highway_1493.jpg,3
SeaLake/SeaLake_2812.jpg,9
Forest/Forest_455.jpg,1
SeaLake/SeaLake_2133.jpg,9
Pasture/Pasture_908.jpg,5
SeaLake/SeaLake_2338.jpg,9
PermanentCrop/PermanentCrop_2054.jpg,6
River/River_1391.jpg,8
AnnualCrop/AnnualCrop_651.jpg,0
PermanentCrop/PermanentCrop_2092.jpg,6
Highway/Highway_1035.jpg,3
Residential/Residential_1991.jpg,7
Pasture/Pasture_1814.jpg,5
Residential/Residential_619.jpg,7
Industrial/Industrial_722.jpg,3
Industrial/Industrial_315.jpg,4
HerbaceousVegetation/HerbaceousVegetation_2462.jpg,6
AnnualCrop/AnnualCrop_2144.jpg,0
Pasture/Pasture_510.jpg,5
Pasture/Pasture_966.jpg,5
HerbaceousVegetation/HerbaceousVegetation_1054.jpg,2
Residential/Residential_2941.jpg,7
HerbaceousVegetation/HerbaceousVegetation_2538.jpg,2
Residential/Residential_483.jpg,7
Forest/Forest_1831.jpg,1
HerbaceousVegetation/HerbaceousVegetation_359.jpg,2
PermanentCrop/PermanentCrop_2392.jpg,0
Highway/Highway_113.jpg,3
HerbaceousVegetation/HerbaceousVegetation_17.jpg,2
AnnualCrop/AnnualCrop_2750.jpg,0
AnnualCrop/AnnualCrop_2641.jpg,0
Industrial/Industrial_2350.jpg,4
PermanentCrop/PermanentCrop_1697.jpg,0
Residential/Residential_1217.jpg,7
AnnualCrop/AnnualCrop_2156.jpg,0
River/River_2069.jpg,8
Forest/Forest_1898.jpg,1
HerbaceousVegetation/HerbaceousVegetation_826.jpg,2
SeaLake/SeaLake_2569.jpg,8
Highway/Highway_1684.jpg,3
Residential/Residential_128.jpg,7
AnnualCrop/AnnualCrop_1981.jpg,0
Residential/Residential_510.jpg,7
PermanentCrop/PermanentCrop_1694.jpg,0
Forest/Forest_1059.jpg,1
HerbaceousVegetation/HerbaceousVegetation_2292.jpg,2
Forest/Forest_1052.jpg,1
Forest/Forest_196.jpg,1
Industrial/Industrial_1217.jpg,4
AnnualCrop/AnnualCrop_1067.jpg,0
HerbaceousVegetation/HerbaceousVegetation_2917.jpg,2
AnnualCrop/AnnualCrop_1251.jpg,0
Industrial/Industrial_1166.jpg,4
AnnualCrop/AnnualCrop_2576.jpg,0
River/River_2071.jpg,8
River/River_1750.jpg,8
Industrial/Industrial_995.jpg,4
Forest/Forest_2661.jpg,1
PermanentCrop/PermanentCrop_1114.jpg,6
Highway/Highway_272.jpg,3
Pasture/Pasture_342.jpg,5
Residential/Residential_1739.jpg,7
Forest/Forest_2954.jpg,1
Highway/Highway_1015.jpg,3
Forest/Forest_1955.jpg,1
HerbaceousVegetation/HerbaceousVegetation_461.jpg,2
Pasture/Pasture_150.jpg,5
HerbaceousVegetation/HerbaceousVegetation_1585.jpg,2
SeaLake/SeaLake_1926.jpg,9
AnnualCrop/AnnualCrop_1891.jpg,0
Residential/Residential_2472.jpg,7
PermanentCrop/PermanentCrop_788.jpg,2
River/River_1121.jpg,8
Residential/Residential_2487.jpg,7
AnnualCrop/AnnualCrop_2339.jpg,0
Highway/Highway_1695.jpg,3
Industrial/Industrial_1614.jpg,4
Residential/Residential_1498.jpg,7
Pasture/Pasture_820.jpg,5
Highway/Highway_2216.jpg,3
AnnualCrop/AnnualCrop_75.jpg,0
PermanentCrop/PermanentCrop_1934.jpg,6
Forest/Forest_448.jpg,1
HerbaceousVegetation/HerbaceousVegetation_2278.jpg,0
AnnualCrop/AnnualCrop_648.jpg,0
PermanentCrop/PermanentCrop_889.jpg,2
Highway/Highway_2017.jpg,3
Highway/Highway_31.jpg,3
Industrial/Industrial_2143.jpg,4
SeaLake/SeaLake_499.jpg,9
HerbaceousVegetation/HerbaceousVegetation_2258.jpg,2
SeaLake/SeaLake_2406.jpg,9
Highway/Highway_2404.jpg,3
Pasture/Pasture_350.jpg,5
Residential/Residential_2565.jpg,7
Residential/Residential_2161.jpg,7
Forest/Forest_572.jpg,1
Highway/Highway_104.jpg,3
Residential/Residential_1135.jpg,7
HerbaceousVegetation/HerbaceousVegetation_2237.jpg,2
SeaLake/SeaLake_1766.jpg,9
Forest/Forest_1462.jpg,1
AnnualCrop/AnnualCrop_2331.jpg,0
Residential/Residential_2774.jpg,7
Highway/Highway_743.jpg,3
SeaLake/SeaLake_1870.jpg,9
River/River_483.jpg,8
Industrial/Industrial_2138.jpg,4
SeaLake/SeaLake_554.jpg,9
Highway/Highway_2270.jpg,3
PermanentCrop/PermanentCrop_1739.jpg,6
AnnualCrop/AnnualCrop_641.jpg,0
Industrial/Industrial_821.jpg,4
Industrial/Industrial_1806.jpg,4
AnnualCrop/AnnualCrop_1724.jpg,0
Industrial/Industrial_2339.jpg,4
HerbaceousVegetation/HerbaceousVegetation_2915.jpg,2
HerbaceousVegetation/HerbaceousVegetation_1073.jpg,2
Highway/Highway_2450.jpg,3
Pasture/Pasture_1817.jpg,5
Pasture/Pasture_853.jpg,5
PermanentCrop/PermanentCrop_50.jpg,6
River/River_2262.jpg,8
Highway/Highway_1429.jpg,3
PermanentCrop/PermanentCrop_2025.jpg,6
PermanentCrop/PermanentCrop_773.jpg,0
AnnualCrop/AnnualCrop_1951.jpg,0
AnnualCrop/AnnualCrop_778.jpg,0
Forest/Forest_2351.jpg,1
Industrial/Industrial_2401.jpg,4
AnnualCrop/AnnualCrop_427.jpg,0
SeaLake/SeaLake_691.jpg,9
Industrial/Industrial_2223.jpg,4
Forest/Forest_620.jpg,1
Forest/Forest_2830.jpg,1
Highway/Highway_1082.jpg,3
SeaLake/SeaLake_1279.jpg,9
Industrial/Industrial_855.jpg,4
Pasture/Pasture_606.jpg,5
Residential/Residential_2881.jpg,7
Residential/Residential_58.jpg,7
Highway/Highway_1980.jpg,3
SeaLake/SeaLake_728.jpg,9
AnnualCrop/AnnualCrop_2295.jpg,0
AnnualCrop/AnnualCrop_236.jpg,0
Residential/Residential_86.jpg,7
SeaLake/SeaLake_113.jpg,9
Highway/Highway_1138.jpg,3
AnnualCrop/AnnualCrop_2782.jpg,0
HerbaceousVegetation/HerbaceousVegetation_2654.jpg,6
SeaLake/SeaLake_1315.jpg,9
Industrial/Industrial_2434.jpg,4
SeaLake/SeaLake_2753.jpg,9
AnnualCrop/AnnualCrop_1100.jpg,8
Forest/Forest_137.jpg,1
AnnualCrop/AnnualCrop_1066.jpg,0
AnnualCrop/AnnualCrop_87.jpg,0
PermanentCrop/PermanentCrop_1985.jpg,5
PermanentCrop/PermanentCrop_622.jpg,6
SeaLake/SeaLake_2227.jpg,9
HerbaceousVegetation/HerbaceousVegetation_2659.jpg,2
PermanentCrop/PermanentCrop_2436.jpg,6
Industrial/Industrial_1653.jpg,4
Highway/Highway_331.jpg,3
Residential/Residential_1416.jpg,7
Highway/Highway_2152.jpg,3
AnnualCrop/AnnualCrop_689.jpg,0
Industrial/Industrial_1113.jpg,4
River/River_1542.jpg,8
Residential/Residential_2445.jpg,7
AnnualCrop/AnnualCrop_505.jpg,0
Industrial/Industrial_115.jpg,4
Pasture/Pasture_1851.jpg,5
HerbaceousVegetation/HerbaceousVegetation_147.jpg,2
PermanentCrop/PermanentCrop_826.jpg,6
PermanentCrop/PermanentCrop_1766.jpg,6
River/River_418.jpg,8
SeaLake/SeaLake_2335.jpg,9
SeaLake/SeaLake_415.jpg,0
Highway/Highway_1613.jpg,3
River/River_1762.jpg,8
Highway/Highway_701.jpg,3
Pasture/Pasture_169.jpg,5
Industrial/Industrial_861.jpg,4
River/River_1335.jpg,8
Highway/Highway_1089.jpg,3
Forest/Forest_2826.jpg,1
PermanentCrop/PermanentCrop_1033.jpg,6
HerbaceousVegetation/HerbaceousVegetation_2407.jpg,2
SeaLake/SeaLake_479.jpg,9
Residential/Residential_387.jpg,7
Pasture/Pasture_385.jpg,5
SeaLake/SeaLake_2369.jpg,9
River/River_1048.jpg,8
SeaLake/SeaLake_1819.jpg,9
HerbaceousVegetation/HerbaceousVegetation_2644.jpg,7
Pasture/Pasture_614.jpg,5
AnnualCrop/AnnualCrop_1987.jpg,0
SeaLake/SeaLake_2514.jpg,9
PermanentCrop/PermanentCrop_2111.jpg,6
Residential/Residential_572.jpg,7
Residential/Residential_1817.jpg,7
PermanentCrop/PermanentCrop_1917.jpg,6
Industrial/Industrial_176.jpg,3
Pasture/Pasture_1726.jpg,5
Forest/Forest_1285.jpg,1
Industrial/Industrial_1592.jpg,4
Forest/Forest_2635.jpg,1
PermanentCrop/PermanentCrop_2183.jpg,6
Highway/Highway_2042.jpg,3
PermanentCrop/PermanentCrop_327.jpg,0
Forest/Forest_2167.jpg,1
River/River_1685.jpg,8
River/River_731.jpg,8
HerbaceousVegetation/HerbaceousVegetation_469.jpg,2
AnnualCrop/AnnualCrop_256.jpg,0
Industrial/Industrial_622.jpg,4
HerbaceousVegetation/HerbaceousVegetation_459.jpg,0
River/River_692.jpg,8
SeaLake/SeaLake_1270.jpg,9
AnnualCrop/AnnualCrop_1507.jpg,0
Forest/Forest_2428.jpg,1
Pasture/Pasture_395.jpg,5
Industrial/Industrial_822.jpg,4
Residential/Residential_2411.jpg,7
Highway/Highway_1034.jpg,3
River/River_25.jpg,8
SeaLake/SeaLake_739.jpg,9
River/River_1866.jpg,8
AnnualCrop/AnnualCrop_434.jpg,0
AnnualCrop/AnnualCrop_45.jpg,0
River/River_2178.jpg,8
PermanentCrop/PermanentCrop_1194.jpg,6
HerbaceousVegetation/HerbaceousVegetation_2035.jpg,2
Highway/Highway_1768.jpg,3
Industrial/Industrial_2324.jpg,4
River/River_287.jpg,8
Residential/Residential_2543.jpg,7
Residential/Residential_422.jpg,7
PermanentCrop/PermanentCrop_921.jpg,6
PermanentCrop/PermanentCrop_2345.jpg,6
AnnualCrop/AnnualCrop_1641.jpg,0
Industrial/Industrial_1779.jpg,4
Residential/Residential_2481.jpg,7
Highway/Highway_787.jpg,3
Industrial/Industrial_2124.jpg,4
Highway/Highway_1388.jpg,3
AnnualCrop/AnnualCrop_201.jpg,0
Forest/Forest_133.jpg,1
Highway/Highway_1303.jpg,5
Forest/Forest_2818.jpg,1
AnnualCrop/AnnualCrop_1068.jpg,0
Residential/Residential_1910.jpg,7
Pasture/Pasture_76.jpg,5
PermanentCrop/PermanentCrop_2129.jpg,6
Forest/Forest_487.jpg,1
PermanentCrop/PermanentCrop_1602.jpg,6
Residential/Residential_1536.jpg,7
River/River_146.jpg,8
HerbaceousVegetation/HerbaceousVegetation_590.jpg,2
SeaLake/SeaLake_958.jpg,9
Industrial/Industrial_195.jpg,4
Forest/Forest_2033.jpg,1
HerbaceousVegetation/HerbaceousVegetation_2791.jpg,2
AnnualCrop/AnnualCrop_1016.jpg,0
AnnualCrop/AnnualCrop_1416.jpg,0
Highway/Highway_2487.jpg,3
HerbaceousVegetation/HerbaceousVegetation_230.jpg,2
Industrial/Industrial_2105.jpg,4
SeaLake/SeaLake_2533.jpg,9
Forest/Forest_519.jpg,1
AnnualCrop/AnnualCrop_2222.jpg,0
Highway/Highway_1459.jpg,3
Forest/Forest_1711.jpg,1
Pasture/Pasture_1410.jpg,5
PermanentCrop/PermanentCrop_739.jpg,5
River/River_10.jpg,8
Forest/Forest_823.jpg,1
SeaLake/SeaLake_2382.jpg,9
Residential/Residential_1628.jpg,7
River/River_359.jpg,8
Highway/Highway_1391.jpg,3
River/River_486.jpg,8
HerbaceousVegetation/HerbaceousVegetation_2470.jpg,2
Residential/Residential_2355.jpg,7
Residential/Residential_2025.jpg,7
PermanentCrop/PermanentCrop_328.jpg,6
AnnualCrop/AnnualCrop_7.jpg,0
Residential/Residential_2595.jpg,7
Forest/Forest_2615.jpg,2
AnnualCrop/AnnualCrop_1605.jpg,0
Industrial/Industrial_154.jpg,4
Forest/Forest_1513.jpg,1
HerbaceousVegetation/HerbaceousVegetation_1928.jpg,2
Highway/Highway_2310.jpg,3
Industrial/Industrial_2376.jpg,4
Highway/Highway_3.jpg,3
Forest/Forest_2298.jpg,1
Forest/Forest_1121.jpg,1
AnnualCrop/AnnualCrop_2885.jpg,0
Residential/Residential_535.jpg,7
Residential/Residential_1845.jpg,7
Residential/Residential_1750.jpg,7
HerbaceousVegetation/HerbaceousVegetation_1148.jpg,2
Residential/Residential_2594.jpg,7
Industrial/Industrial_2088.jpg,4
River/River_588.jpg,8
AnnualCrop/AnnualCrop_2164.jpg,0
PermanentCrop/PermanentCrop_486.jpg,6
River/River_900.jpg,8
Residential/Residential_1304.jpg,7
SeaLake/SeaLake_684.jpg,9
Pasture/Pasture_154.jpg,5
Pasture/Pasture_1542.jpg,5
Residential/Residential_2735.jpg,7
Pasture/Pasture_1254.jpg,5
River/River_393.jpg,8
River/River_852.jpg,8
Forest/Forest_1070.jpg,1
AnnualCrop/AnnualCrop_1410.jpg,0
Highway/Highway_268.jpg,3
Highway/Highway_1154.jpg,3
HerbaceousVegetation/HerbaceousVegetation_659.jpg,2
SeaLake/SeaLake_901.jpg,9
PermanentCrop/PermanentCrop_1243.jpg,6
Forest/Forest_55.jpg,1
Forest/Forest_1261.jpg,1
Industrial/Industrial_342.jpg,4
Industrial/Industrial_959.jpg,4
Residential/Residential_753.jpg,7
AnnualCrop/AnnualCrop_764.jpg,0
Industrial/Industrial_1107.jpg,4
River/River_305.jpg,8
Residential/Residential_147.jpg,7
PermanentCrop/PermanentCrop_149.jpg,2
SeaLake/SeaLake_861.jpg,9
River/River_378.jpg,8
SeaLake/SeaLake_2402.jpg,9
AnnualCrop/AnnualCrop_307.jpg,0
PermanentCrop/PermanentCrop_7.jpg,6
HerbaceousVegetation/HerbaceousVegetation_2070.jpg,2
HerbaceousVegetation/HerbaceousVegetation_317.jpg,2
Forest/Forest_720.jpg,1
River/River_693.jpg,8
Industrial/Industrial_1364.jpg,4
Pasture/Pasture_1477.jpg,0
HerbaceousVegetation/HerbaceousVegetation_685.jpg,2
Industrial/Industrial_702.jpg,4
Forest/Forest_1558.jpg,1
SeaLake/SeaLake_935.jpg,9
Forest/Forest_268.jpg,1
Industrial/Industrial_2244.jpg,4
Industrial/Industrial_462.jpg,4
River/River_673.jpg,8
SeaLake/SeaLake_1686.jpg,9
AnnualCrop/AnnualCrop_1276.jpg,0
SeaLake/SeaLake_1972.jpg,9
PermanentCrop/PermanentCrop_2001.jpg,6
HerbaceousVegetation/HerbaceousVegetation_557.jpg,2
SeaLake/SeaLake_205.jpg,9
AnnualCrop/AnnualCrop_1325.jpg,0
HerbaceousVegetation/HerbaceousVegetation_2475.jpg,2
Industrial/Industrial_1577.jpg,4
River/River_1648.jpg,8
River/River_374.jpg,8
SeaLake/SeaLake_2418.jpg,9
AnnualCrop/AnnualCrop_1044.jpg,0
Pasture/Pasture_450.jpg,5
Forest/Forest_1089.jpg,1
Residential/Residential_1866.jpg,7
AnnualCrop/AnnualCrop_2916.jpg,0
Forest/Forest_2583.jpg,1
PermanentCrop/PermanentCrop_1784.jpg,6
AnnualCrop/AnnualCrop_2793.jpg,0
PermanentCrop/PermanentCrop_2099.jpg,6
River/River_2061.jpg,8
Highway/Highway_1662.jpg,3
Highway/Highway_2051.jpg,3
Pasture/Pasture_1714.jpg,5
SeaLake/SeaLake_1274.jpg,0
PermanentCrop/PermanentCrop_1011.jpg,6
River/River_42.jpg,8
River/River_1936.jpg,8
River/River_970.jpg,8
HerbaceousVegetation/HerbaceousVegetation_807.jpg,2
Highway/Highway_738.jpg,0
Industrial/Industrial_1395.jpg,4
Forest/Forest_1191.jpg,1
AnnualCrop/AnnualCrop_1409.jpg,0
PermanentCrop/PermanentCrop_770.jpg,6
SeaLake/SeaLake_1091.jpg,9
River/River_942.jpg,8
Residential/Residential_1865.jpg,7
River/River_2438.jpg,3
HerbaceousVegetation/HerbaceousVegetation_2181.jpg,2
River/River_128.jpg,8
AnnualCrop/AnnualCrop_1755.jpg,0
AnnualCrop/AnnualCrop_43.jpg,0
Industrial/Industrial_1920.jpg,4
HerbaceousVegetation/HerbaceousVegetation_1979.jpg,2
Highway/Highway_2323.jpg,3
Residential/Residential_1839.jpg,7
Forest/Forest_2896.jpg,1
PermanentCrop/PermanentCrop_2309.jpg,6
Highway/Highway_2069.jpg,3
PermanentCrop/PermanentCrop_2369.jpg,6
HerbaceousVegetation/HerbaceousVegetation_1472.jpg,2
AnnualCrop/AnnualCrop_1719.jpg,0
HerbaceousVegetation/HerbaceousVegetation_1781.jpg,2
HerbaceousVegetation/HerbaceousVegetation_1693.jpg,2
Industrial/Industrial_780.jpg,4
PermanentCrop/PermanentCrop_694.jpg,6
Forest/Forest_2600.jpg,1
Residential/Residential_1538.jpg,7
Forest/Forest_2460.jpg,1
SeaLake/SeaLake_89.jpg,9
Residential/Residential_2144.jpg,7
Residential/Residential_2912.jpg,7
HerbaceousVegetation/HerbaceousVegetation_77.jpg,2
HerbaceousVegetation/HerbaceousVegetation_1178.jpg,2
AnnualCrop/AnnualCrop_2404.jpg,0
AnnualCrop/AnnualCrop_1889.jpg,0
AnnualCrop/AnnualCrop_2435.jpg,0
HerbaceousVegetation/HerbaceousVegetation_2688.jpg,2
AnnualCrop/AnnualCrop_2739.jpg,0
SeaLake/SeaLake_712.jpg,9
HerbaceousVegetation/HerbaceousVegetation_2167.jpg,2
AnnualCrop/AnnualCrop_2132.jpg,0
Forest/Forest_227.jpg,1
SeaLake/SeaLake_2615.jpg,9
Industrial/Industrial_2059.jpg,4
Residential/Residential_2002.jpg,7
Residential/Residential_16.jpg,7
Residential/Residential_242.jpg,7
AnnualCrop/AnnualCrop_2099.jpg,0
Highway/Highway_2166.jpg,3
Residential/Residential_520.jpg,7
Residential/Residential_956.jpg,7
Residential/Residential_2868.jpg,7
SeaLake/SeaLake_524.jpg,9
River/River_1765.jpg,8
AnnualCrop/AnnualCrop_365.jpg,0
PermanentCrop/PermanentCrop_127.jpg,2
River/River_789.jpg,8
Residential/Residential_621.jpg,7
Pasture/Pasture_306.jpg,5
PermanentCrop/PermanentCrop_944.jpg,6
AnnualCrop/AnnualCrop_2791.jpg,0
AnnualCrop/AnnualCrop_2269.jpg,0
Industrial/Industrial_514.jpg,4
River/River_1759.jpg,8
Residential/Residential_2668.jpg,7
Forest/Forest_874.jpg,1
AnnualCrop/AnnualCrop_120.jpg,0
Forest/Forest_817.jpg,1
Residential/Residential_107.jpg,7
Forest/Forest_1270.jpg,1
Industrial/Industrial_1538.jpg,4
SeaLake/SeaLake_1812.jpg,9
HerbaceousVegetation/HerbaceousVegetation_1312.jpg,2
AnnualCrop/AnnualCrop_1420.jpg,0
SeaLake/SeaLake_1621.jpg,9
PermanentCrop/PermanentCrop_1283.jpg,2
Highway/Highway_93.jpg,3
AnnualCrop/AnnualCrop_1556.jpg,0
SeaLake/SeaLake_141.jpg,9
Residential/Residential_2169.jpg,7
Residential/Residential_1326.jpg,7
AnnualCrop/AnnualCrop_430.jpg,0
Residential/Residential_2749.jpg,7
HerbaceousVegetation/HerbaceousVegetation_1857.jpg,2
Residential/Residential_946.jpg,7
Residential/Residential_2753.jpg,7
Pasture/Pasture_1394.jpg,5
Residential/Residential_354.jpg,7
Highway/Highway_2488.jpg,3
Industrial/Industrial_1209.jpg,4
SeaLake/SeaLake_2284.jpg,9
AnnualCrop/AnnualCrop_2799.jpg,0
SeaLake/SeaLake_2272.jpg,9
Pasture/Pasture_1377.jpg,5
Forest/Forest_680.jpg,1
AnnualCrop/AnnualCrop_573.jpg,0
Forest/Forest_2344.jpg,1
Residential/Residential_1257.jpg,7
HerbaceousVegetation/HerbaceousVegetation_1293.jpg,2
AnnualCrop/AnnualCrop_1514.jpg,0
River/River_1451.jpg,8
Pasture/Pasture_574.jpg,5
Residential/Residential_1129.jpg,7
SeaLake/SeaLake_2524.jpg,9
AnnualCrop/AnnualCrop_1419.jpg,0
AnnualCrop/AnnualCrop_1280.jpg,0
AnnualCrop/AnnualCrop_1875.jpg,0
AnnualCrop/AnnualCrop_1775.jpg,0
River/River_309.jpg,8
Pasture/Pasture_727.jpg,5
Highway/Highway_1107.jpg,3
Residential/Residential_1551.jpg,7
Residential/Residential_420.jpg,7
Highway/Highway_2304.jpg,3
Forest/Forest_1896.jpg,1
HerbaceousVegetation/HerbaceousVegetation_2754.jpg,2
Forest/Forest_1171.jpg,1
AnnualCrop/AnnualCrop_2952.jpg,0
HerbaceousVegetation/HerbaceousVegetation_1849.jpg,2
PermanentCrop/PermanentCrop_279.jpg,6
SeaLake/SeaLake_2580.jpg,9
AnnualCrop/AnnualCrop_1460.jpg,0
PermanentCrop/PermanentCrop_1947.jpg,8
Highway/Highway_1829.jpg,3
Residential/Residential_1530.jpg,7
SeaLake/SeaLake_208.jpg,9
River/River_2315.jpg,8
Highway/Highway_1326.jpg,3
Residential/Residential_878.jpg,7
Residential/Residential_1900.jpg,7
River/River_2328.jpg,8
Residential/Residential_1402.jpg,7
Industrial/Industrial_1909.jpg,4
AnnualCrop/AnnualCrop_2042.jpg,0
SeaLake/SeaLake_2037.jpg,9
SeaLake/SeaLake_2362.jpg,9
PermanentCrop/PermanentCrop_920.jpg,6
Industrial/Industrial_889.jpg,4
Industrial/Industrial_2152.jpg,4
Highway/Highway_590.jpg,5
HerbaceousVegetation/HerbaceousVegetation_875.jpg,2
Highway/Highway_2347.jpg,3
HerbaceousVegetation/HerbaceousVegetation_1528.jpg,2
Industrial/Industrial_186.jpg,7
HerbaceousVegetation/HerbaceousVegetation_1596.jpg,2
Industrial/Industrial_836.jpg,4
AnnualCrop/AnnualCrop_2890.jpg,0
AnnualCrop/AnnualCrop_2556.jpg,0
AnnualCrop/AnnualCrop_951.jpg,0
Pasture/Pasture_1492.jpg,5
Pasture/Pasture_793.jpg,5
PermanentCrop/PermanentCrop_943.jpg,6
Forest/Forest_2783.jpg,1
River/River_1384.jpg,8
Residential/Residential_1014.jpg,7
PermanentCrop/PermanentCrop_1802.jpg,6
HerbaceousVegetation/HerbaceousVegetation_1118.jpg,2
Pasture/Pasture_1628.jpg,5
Industrial/Industrial_671.jpg,4
Industrial/Industrial_299.jpg,4
SeaLake/SeaLake_2452.jpg,9
Industrial/Industrial_1117.jpg,4
Residential/Residential_111.jpg,7
HerbaceousVegetation/HerbaceousVegetation_2804.jpg,2
HerbaceousVegetation/HerbaceousVegetation_1910.jpg,2
Forest/Forest_2909.jpg,2
AnnualCrop/AnnualCrop_2354.jpg,0
River/River_84.jpg,3
Forest/Forest_875.jpg,1
PermanentCrop/PermanentCrop_1363.jpg,6
SeaLake/SeaLake_926.jpg,9
SeaLake/SeaLake_1799.jpg,9
Residential/Residential_906.jpg,7
HerbaceousVegetation/HerbaceousVegetation_701.jpg,7
River/River_1755.jpg,8
SeaLake/SeaLake_1585.jpg,9
Highway/Highway_1395.jpg,3
HerbaceousVegetation/HerbaceousVegetation_2616.jpg,2
HerbaceousVegetation/HerbaceousVegetation_1716.jpg,2
Industrial/Industrial_1204.jpg,4
SeaLake/SeaLake_105.jpg,9
Pasture/Pasture_564.jpg,5
Industrial/Industrial_1573.jpg,4
AnnualCrop/AnnualCrop_410.jpg,0
Highway/Highway_872.jpg,3
Forest/Forest_1398.jpg,1
Highway/Highway_195.jpg,3
SeaLake/SeaLake_1055.jpg,9
Forest/Forest_1118.jpg,1
AnnualCrop/AnnualCrop_2012.jpg,0
SeaLake/SeaLake_1917.jpg,9
Industrial/Industrial_163.jpg,4
Residential/Residential_2388.jpg,7
HerbaceousVegetation/HerbaceousVegetation_2918.jpg,2
SeaLake/SeaLake_2716.jpg,9
River/River_1742.jpg,8
HerbaceousVegetation/HerbaceousVegetation_544.jpg,2
AnnualCrop/AnnualCrop_1884.jpg,0
AnnualCrop/AnnualCrop_1214.jpg,0
Pasture/Pasture_1710.jpg,5
River/River_1248.jpg,8
SeaLake/SeaLake_658.jpg,9
Residential/Residential_779.jpg,7
HerbaceousVegetation/HerbaceousVegetation_1579.jpg,2
SeaLake/SeaLake_2574.jpg,9
AnnualCrop/AnnualCrop_540.jpg,0
AnnualCrop/AnnualCrop_2278.jpg,0
River/River_839.jpg,8
AnnualCrop/AnnualCrop_2642.jpg,0
PermanentCrop/PermanentCrop_182.jpg,2
Highway/Highway_2341.jpg,3
HerbaceousVegetation/HerbaceousVegetation_1449.jpg,2
Highway/Highway_1165.jpg,3
Residential/Residential_2989.jpg,7
HerbaceousVegetation/HerbaceousVegetation_1396.jpg,2
Forest/Forest_2671.jpg,1
Highway/Highway_1171.jpg,3
AnnualCrop/AnnualCrop_2130.jpg,0
SeaLake/SeaLake_2622.jpg,9
AnnualCrop/AnnualCrop_1159.jpg,0
Forest/Forest_2056.jpg,1
Pasture/Pasture_166.jpg,5
HerbaceousVegetation/HerbaceousVegetation_850.jpg,2
Residential/Residential_1103.jpg,7
PermanentCrop/PermanentCrop_81.jpg,6
AnnualCrop/AnnualCrop_876.jpg,0
AnnualCrop/AnnualCrop_2366.jpg,0
SeaLake/SeaLake_2718.jpg,9
AnnualCrop/AnnualCrop_644.jpg,0
Industrial/Industrial_560.jpg,4
HerbaceousVegetation/HerbaceousVegetation_1445.jpg,2
Pasture/Pasture_845.jpg,5
PermanentCrop/PermanentCrop_1001.jpg,2
SeaLake/SeaLake_329.jpg,9
Pasture/Pasture_549.jpg,5
Highway/Highway_1387.jpg,3
Industrial/Industrial_745.jpg,4
Forest/Forest_2027.jpg,1
HerbaceousVegetation/HerbaceousVegetation_328.jpg,2
Pasture/Pasture_1988.jpg,5
Forest/Forest_2105.jpg,1
Residential/Residential_2760.jpg,7
Residential/Residential_2991.jpg,7
PermanentCrop/PermanentCrop_1392.jpg,6
HerbaceousVegetation/HerbaceousVegetation_28.jpg,2
AnnualCrop/AnnualCrop_2166.jpg,0
Highway/Highway_1827.jpg,3
Forest/Forest_2681.jpg,1
Pasture/Pasture_1101.jpg,5
Forest/Forest_337.jpg,1
Forest/Forest_1856.jpg,1
HerbaceousVegetation/HerbaceousVegetation_1969.jpg,2
SeaLake/SeaLake_2331.jpg,9
Highway/Highway_2322.jpg,3
Industrial/Industrial_2187.jpg,4
Pasture/Pasture_41.jpg,5
Pasture/Pasture_114.jpg,5
SeaLake/SeaLake_1121.jpg,9
Highway/Highway_808.jpg,3
Forest/Forest_1570.jpg,1
HerbaceousVegetation/HerbaceousVegetation_2841.jpg,2
PermanentCrop/PermanentCrop_1222.jpg,6
AnnualCrop/AnnualCrop_3000.jpg,0
HerbaceousVegetation/HerbaceousVegetation_521.jpg,2
River/River_2065.jpg,8
Industrial/Industrial_944.jpg,4
HerbaceousVegetation/HerbaceousVegetation_2526.jpg,2
Forest/Forest_2179.jpg,1
River/River_2009.jpg,8
Pasture/Pasture_221.jpg,5
Residential/Residential_600.jpg,7
Forest/Forest_2616.jpg,1
River/River_694.jpg,8
Pasture/Pasture_84.jpg,5
Highway/Highway_353.jpg,3
River/River_1877.jpg,8
PermanentCrop/PermanentCrop_561.jpg,6
Residential/Residential_488.jpg,7
River/River_689.jpg,8
HerbaceousVegetation/HerbaceousVegetation_2702.jpg,2
River/River_2211.jpg,8
Pasture/Pasture_14.jpg,5
SeaLake/SeaLake_2539.jpg,9
HerbaceousVegetation/HerbaceousVegetation_549.jpg,2
Forest/Forest_191.jpg,1
HerbaceousVegetation/HerbaceousVegetation_258.jpg,2
Industrial/Industrial_1225.jpg,4
River/River_273.jpg,8
River/River_229.jpg,8
SeaLake/SeaLake_344.jpg,9
AnnualCrop/AnnualCrop_787.jpg,0
Residential/Residential_268.jpg,7
Industrial/Industrial_767.jpg,4
Forest/Forest_1027.jpg,1
HerbaceousVegetation/HerbaceousVegetation_346.jpg,2
HerbaceousVegetation/HerbaceousVegetation_1223.jpg,2
Forest/Forest_1183.jpg,1
Highway/Highway_2340.jpg,3
Residential/Residential_168.jpg,7
Residential/Residential_2713.jpg,7
AnnualCrop/AnnualCrop_728.jpg,0
PermanentCrop/PermanentCrop_1120.jpg,0
HerbaceousVegetation/HerbaceousVegetation_1045.jpg,2
River/River_81.jpg,8
Highway/Highway_1622.jpg,3
Residential/Residential_2124.jpg,7
SeaLake/SeaLake_2205.jpg,9
SeaLake/SeaLake_964.jpg,9
Highway/Highway_1134.jpg,3
River/River_227.jpg,8
Highway/Highway_2083.jpg,3
River/River_1666.jpg,8
Forest/Forest_1723.jpg,1
Forest/Forest_2865.jpg,1
Forest/Forest_2980.jpg,1
Forest/Forest_2879.jpg,1
PermanentCrop/PermanentCrop_680.jpg,6
HerbaceousVegetation/HerbaceousVegetation_1884.jpg,2
River/River_1304.jpg,8
Forest/Forest_2328.jpg,1
Forest/Forest_465.jpg,1
Pasture/Pasture_559.jpg,5
AnnualCrop/AnnualCrop_1213.jpg,0
River/River_1318.jpg,8
Forest/Forest_1763.jpg,1
Residential/Residential_417.jpg,7
AnnualCrop/AnnualCrop_1217.jpg,0
Industrial/Industrial_450.jpg,4
Highway/Highway_390.jpg,3
Residential/Residential_1882.jpg,7
SeaLake/SeaLake_2543.jpg,9
Forest/Forest_686.jpg,1
Residential/Residential_1582.jpg,7
Highway/Highway_763.jpg,3
Industrial/Industrial_550.jpg,7
Residential/Residential_930.jpg,7
HerbaceousVegetation/HerbaceousVegetation_2011.jpg,2
PermanentCrop/PermanentCrop_2109.jpg,2
Residential/Residential_1384.jpg,7
River/River_438.jpg,8
Pasture/Pasture_101.jpg,5
Forest/Forest_1839.jpg,1
HerbaceousVegetation/HerbaceousVegetation_622.jpg,2
HerbaceousVegetation/HerbaceousVegetation_284.jpg,2
HerbaceousVegetation/HerbaceousVegetation_1583.jpg,2
Residential/Residential_909.jpg,7
Pasture/Pasture_1640.jpg,5
SeaLake/SeaLake_2610.jpg,9
PermanentCrop/PermanentCrop_1315.jpg,6
Pasture/Pasture_1793.jpg,5
PermanentCrop/PermanentCrop_1748.jpg,6
River/River_2096.jpg,8
Forest/Forest_2806.jpg,1
Industrial/Industrial_610.jpg,4
AnnualCrop/AnnualCrop_39.jpg,0
HerbaceousVegetation/HerbaceousVegetation_983.jpg,2
Forest/Forest_41.jpg,1
SeaLake/SeaLake_114.jpg,9
River/River_1356.jpg,8
AnnualCrop/AnnualCrop_1855.jpg,0
River/River_1690.jpg,8
Residential/Residential_370.jpg,7
Residential/Residential_1592.jpg,7
Residential/Residential_1017.jpg,7
PermanentCrop/PermanentCrop_751.jpg,2
Pasture/Pasture_1296.jpg,5
Pasture/Pasture_1623.jpg,5
Forest/Forest_1499.jpg,1
AnnualCrop/AnnualCrop_736.jpg,0
AnnualCrop/AnnualCrop_1421.jpg,0
HerbaceousVegetation/HerbaceousVegetation_721.jpg,2
Highway/Highway_527.jpg,3
Residential/Residential_1196.jpg,7
HerbaceousVegetation/HerbaceousVegetation_252.jpg,2
PermanentCrop/PermanentCrop_187.jpg,6
Pasture/Pasture_262.jpg,5
Industrial/Industrial_336.jpg,4
Industrial/Industrial_1679.jpg,4
AnnualCrop/AnnualCrop_1439.jpg,0
River/River_131.jpg,8
River/River_312.jpg,8
Pasture/Pasture_1636.jpg,5
Pasture/Pasture_310.jpg,5
Industrial/Industrial_150.jpg,4
AnnualCrop/AnnualCrop_1667.jpg,0
Residential/Residential_2858.jpg,7
Forest/Forest_1729.jpg,1
Forest/Forest_1993.jpg,1
Pasture/Pasture_568.jpg,5
Forest/Forest_1483.jpg,1
Highway/Highway_973.jpg,8
Forest/Forest_2053.jpg,1
Pasture/Pasture_349.jpg,5
HerbaceousVegetation/HerbaceousVegetation_690.jpg,2
Highway/Highway_234.jpg,3
PermanentCrop/PermanentCrop_1180.jpg,2
River/River_413.jpg,3
Pasture/Pasture_843.jpg,5
SeaLake/SeaLake_521.jpg,9
River/River_753.jpg,8
SeaLake/SeaLake_916.jpg,9
SeaLake/SeaLake_1736.jpg,9
Residential/Residential_1195.jpg,7
AnnualCrop/AnnualCrop_461.jpg,0
Pasture/Pasture_1676.jpg,5
Residential/Residential_2840.jpg,7
Residential/Residential_2425.jpg,7
Residential/Residential_1948.jpg,7
SeaLake/SeaLake_1499.jpg,9
AnnualCrop/AnnualCrop_2730.jpg,0
Pasture/Pasture_160.jpg,5
Residential/Residential_2865.jpg,7
Forest/Forest_2193.jpg,1
SeaLake/SeaLake_2614.jpg,9
AnnualCrop/AnnualCrop_2552.jpg,0
River/River_781.jpg,8
AnnualCrop/AnnualCrop_2080.jpg,0
Forest/Forest_202.jpg,1
Residential/Residential_607.jpg,7
PermanentCrop/PermanentCrop_995.jpg,6
Residential/Residential_2101.jpg,7
River/River_2314.jpg,8
SeaLake/SeaLake_1489.jpg,9
Industrial/Industrial_752.jpg,4
Pasture/Pasture_1105.jpg,5
HerbaceousVegetation/HerbaceousVegetation_1526.jpg,2
HerbaceousVegetation/HerbaceousVegetation_1500.jpg,2
HerbaceousVegetation/HerbaceousVegetation_2566.jpg,2
SeaLake/SeaLake_2667.jpg,9
Highway/Highway_677.jpg,3
Forest/Forest_944.jpg,1
SeaLake/SeaLake_1169.jpg,9
Forest/Forest_1110.jpg,1
PermanentCrop/PermanentCrop_140.jpg,2
PermanentCrop/PermanentCrop_2137.jpg,6
Highway/Highway_742.jpg,3
HerbaceousVegetation/HerbaceousVegetation_2546.jpg,2
Highway/Highway_730.jpg,3
HerbaceousVegetation/HerbaceousVegetation_1110.jpg,0
SeaLake/SeaLake_1754.jpg,9
River/River_1263.jpg,8
AnnualCrop/AnnualCrop_5.jpg,5
SeaLake/SeaLake_952.jpg,9
AnnualCrop/AnnualCrop_374.jpg,0
HerbaceousVegetation/HerbaceousVegetation_1033.jpg,2
SeaLake/SeaLake_209.jpg,9
Forest/Forest_104.jpg,1
Residential/Residential_502.jpg,7
AnnualCrop/AnnualCrop_1425.jpg,0
Industrial/Industrial_435.jpg,4
AnnualCrop/AnnualCrop_16.jpg,0
Pasture/Pasture_807.jpg,5
Industrial/Industrial_1164.jpg,4
Highway/Highway_747.jpg,3
SeaLake/SeaLake_1043.jpg,9
Highway/Highway_209.jpg,3
PermanentCrop/PermanentCrop_1658.jpg,6
SeaLake/SeaLake_1036.jpg,9
SeaLake/SeaLake_437.jpg,9
River/River_437.jpg,8
AnnualCrop/AnnualCrop_792.jpg,0
Industrial/Industrial_1777.jpg,4
SeaLake/SeaLake_1444.jpg,9
SeaLake/SeaLake_1785.jpg,9
PermanentCrop/PermanentCrop_1830.jpg,6
Industrial/Industrial_936.jpg,3
AnnualCrop/AnnualCrop_248.jpg,0
River/River_583.jpg,8
Pasture/Pasture_958.jpg,5
SeaLake/SeaLake_2257.jpg,9
Residential/Residential_832.jpg,7
HerbaceousVegetation/HerbaceousVegetation_2770.jpg,2
PermanentCrop/PermanentCrop_2285.jpg,6
Highway/Highway_929.jpg,3
HerbaceousVegetation/HerbaceousVegetation_386.jpg,2
River/River_198.jpg,8
SeaLake/SeaLake_95.jpg,9
SeaLake/SeaLake_2404.jpg,9
Forest/Forest_2506.jpg,1
HerbaceousVegetation/HerbaceousVegetation_1806.jpg,2
Highway/Highway_1796.jpg,3
River/River_1264.jpg,8
Highway/Highway_81.jpg,3
Forest/Forest_1186.jpg,1
AnnualCrop/AnnualCrop_1400.jpg,0
SeaLake/SeaLake_2995.jpg,8
PermanentCrop/PermanentCrop_1450.jpg,2
HerbaceousVegetation/HerbaceousVegetation_2971.jpg,2
PermanentCrop/PermanentCrop_2319.jpg,6
Residential/Residential_1727.jpg,7
SeaLake/SeaLake_1216.jpg,9
River/River_2492.jpg,8
Residential/Residential_1812.jpg,7
Pasture/Pasture_519.jpg,5
AnnualCrop/AnnualCrop_2473.jpg,0
PermanentCrop/PermanentCrop_157.jpg,6
Pasture/Pasture_739.jpg,5
HerbaceousVegetation/HerbaceousVegetation_259.jpg,2
Industrial/Industrial_828.jpg,4
Industrial/Industrial_1947.jpg,4
SeaLake/SeaLake_1618.jpg,9
Highway/Highway_189.jpg,3
SeaLake/SeaLake_766.jpg,9
HerbaceousVegetation/HerbaceousVegetation_2369.jpg,6
HerbaceousVegetation/HerbaceousVegetation_2112.jpg,2
River/River_1114.jpg,8
Industrial/Industrial_1528.jpg,4
Forest/Forest_295.jpg,1
SeaLake/SeaLake_1321.jpg,9
Forest/Forest_1550.jpg,1
Industrial/Industrial_145.jpg,4
SeaLake/SeaLake_24.jpg,9
SeaLake/SeaLake_91.jpg,9
HerbaceousVegetation/HerbaceousVegetation_1972.jpg,2
River/River_1336.jpg,8
Forest/Forest_427.jpg,1
PermanentCrop/PermanentCrop_348.jpg,6
AnnualCrop/AnnualCrop_2532.jpg,0
Industrial/Industrial_2227.jpg,4
Forest/Forest_2691.jpg,1
Forest/Forest_1884.jpg,1
River/River_620.jpg,8
SeaLake/SeaLake_2123.jpg,9
River/River_1454.jpg,8
HerbaceousVegetation/HerbaceousVegetation_2082.jpg,2
AnnualCrop/AnnualCrop_2761.jpg,0
River/River_962.jpg,8
AnnualCrop/AnnualCrop_2636.jpg,0
Residential/Residential_167.jpg,7
Residential/Residential_1840.jpg,7
SeaLake/SeaLake_2742.jpg,9
Residential/Residential_2302.jpg,7
HerbaceousVegetation/HerbaceousVegetation_1977.jpg,2
SeaLake/SeaLake_2471.jpg,9
HerbaceousVegetation/HerbaceousVegetation_695.jpg,2
PermanentCrop/PermanentCrop_1228.jpg,6
Highway/Highway_483.jpg,3
HerbaceousVegetation/HerbaceousVegetation_421.jpg,2
HerbaceousVegetation/HerbaceousVegetation_1226.jpg,2
Highway/Highway_288.jpg,3
AnnualCrop/AnnualCrop_654.jpg,0
AnnualCrop/AnnualCrop_2684.jpg,0
Forest/Forest_1435.jpg,1
Highway/Highway_2121.jpg,3
Pasture/Pasture_1025.jpg,5
SeaLake/SeaLake_418.jpg,9
Residential/Residential_2611.jpg,7
HerbaceousVegetation/HerbaceousVegetation_901.jpg,2
River/River_1891.jpg,8
SeaLake/SeaLake_1588.jpg,9
Highway/Highway_1978.jpg,5
SeaLake/SeaLake_1056.jpg,9
Residential/Residential_1056.jpg,7
Industrial/Industrial_741.jpg,4
Residential/Residential_1127.jpg,7
Highway/Highway_1901.jpg,3
Residential/Residential_1928.jpg,7
HerbaceousVegetation/HerbaceousVegetation_1351.jpg,2
AnnualCrop/AnnualCrop_1142.jpg,0
Highway/Highway_2299.jpg,3
AnnualCrop/AnnualCrop_1234.jpg,0
Residential/Residential_686.jpg,7
SeaLake/SeaLake_2582.jpg,9
PermanentCrop/PermanentCrop_607.jpg,6
Residential/Residential_2049.jpg,7
Residential/Residential_939.jpg,7
Industrial/Industrial_923.jpg,4
Residential/Residential_25.jpg,7
AnnualCrop/AnnualCrop_2240.jpg,0
AnnualCrop/AnnualCrop_823.jpg,0
HerbaceousVegetation/HerbaceousVegetation_2943.jpg,2
Residential/Residential_301.jpg,7
Highway/Highway_2065.jpg,3
Forest/Forest_2110.jpg,1
HerbaceousVegetation/HerbaceousVegetation_397.jpg,2
Industrial/Industrial_2421.jpg,4
SeaLake/SeaLake_2670.jpg,8
Industrial/Industrial_930.jpg,4
Pasture/Pasture_477.jpg,5
River/River_725.jpg,8
HerbaceousVegetation/HerbaceousVegetation_1965.jpg,2
Industrial/Industrial_2474.jpg,4
PermanentCrop/PermanentCrop_1332.jpg,6
Industrial/Industrial_1027.jpg,3
Industrial/Industrial_242.jpg,4
HerbaceousVegetation/HerbaceousVegetation_2489.jpg,2
Residential/Residential_1246.jpg,7
Forest/Forest_2475.jpg,1
AnnualCrop/AnnualCrop_755.jpg,2
HerbaceousVegetation/HerbaceousVegetation_1642.jpg,2
AnnualCrop/AnnualCrop_2340.jpg,0
HerbaceousVegetation/HerbaceousVegetation_534.jpg,2
Industrial/Industrial_2360.jpg,4
AnnualCrop/AnnualCrop_2456.jpg,0
SeaLake/SeaLake_2028.jpg,9
Pasture/Pasture_341.jpg,5
River/River_2181.jpg,8
Forest/Forest_1477.jpg,1
SeaLake/SeaLake_786.jpg,9
Highway/Highway_2296.jpg,3
Pasture/Pasture_1144.jpg,5
Highway/Highway_1497.jpg,3
HerbaceousVegetation/HerbaceousVegetation_663.jpg,2
HerbaceousVegetation/HerbaceousVegetation_1325.jpg,2
HerbaceousVegetation/HerbaceousVegetation_300.jpg,2
Industrial/Industrial_1451.jpg,4
AnnualCrop/AnnualCrop_1869.jpg,0
Forest/Forest_2625.jpg,1
Pasture/Pasture_305.jpg,5
PermanentCrop/PermanentCrop_1779.jpg,5
Industrial/Industrial_1954.jpg,4
Highway/Highway_1369.jpg,3
Pasture/Pasture_548.jpg,5
SeaLake/SeaLake_1681.jpg,9
Residential/Residential_2708.jpg,7
Pasture/Pasture_1126.jpg,5
River/River_819.jpg,8
HerbaceousVegetation/HerbaceousVegetation_1819.jpg,2
HerbaceousVegetation/HerbaceousVegetation_1683.jpg,2
AnnualCrop/AnnualCrop_825.jpg,0
AnnualCrop/AnnualCrop_2652.jpg,0
Forest/Forest_2914.jpg,1
River/River_145.jpg,8
HerbaceousVegetation/HerbaceousVegetation_1933.jpg,2
PermanentCrop/PermanentCrop_2259.jpg,5
Industrial/Industrial_1042.jpg,4
PermanentCrop/PermanentCrop_1381.jpg,6
SeaLake/SeaLake_1343.jpg,9
AnnualCrop/AnnualCrop_2137.jpg,0
Pasture/Pasture_874.jpg,5
HerbaceousVegetation/HerbaceousVegetation_1057.jpg,2
HerbaceousVegetation/HerbaceousVegetation_582.jpg,2
HerbaceousVegetation/HerbaceousVegetation_1425.jpg,2
Forest/Forest_727.jpg,1
Forest/Forest_616.jpg,1
Residential/Residential_2571.jpg,7
HerbaceousVegetation/HerbaceousVegetation_2308.jpg,2
Residential/Residential_1504.jpg,7
SeaLake/SeaLake_865.jpg,9
River/River_977.jpg,8
HerbaceousVegetation/HerbaceousVegetation_2256.jpg,2
Forest/Forest_1706.jpg,1
Pasture/Pasture_1166.jpg,5
River/River_1792.jpg,8
SeaLake/SeaLake_994.jpg,9
PermanentCrop/PermanentCrop_1618.jpg,6
Forest/Forest_814.jpg,7
Industrial/Industrial_2028.jpg,3
Residential/Residential_1167.jpg,7
HerbaceousVegetation/HerbaceousVegetation_2912.jpg,2
Pasture/Pasture_63.jpg,5
Pasture/Pasture_1476.jpg,5
River/River_757.jpg,8
Highway/Highway_1302.jpg,3
HerbaceousVegetation/HerbaceousVegetation_1281.jpg,2
Industrial/Industrial_539.jpg,4
PermanentCrop/PermanentCrop_207.jpg,6
Highway/Highway_1384.jpg,3
HerbaceousVegetation/HerbaceousVegetation_1184.jpg,2
AnnualCrop/AnnualCrop_1726.jpg,0
Industrial/Industrial_94.jpg,4
SeaLake/SeaLake_1137.jpg,0
AnnualCrop/AnnualCrop_1493.jpg,0
AnnualCrop/AnnualCrop_731.jpg,0
HerbaceousVegetation/HerbaceousVegetation_1427.jpg,2
Industrial/Industrial_1825.jpg,4
PermanentCrop/PermanentCrop_1140.jpg,6
HerbaceousVegetation/HerbaceousVegetation_2936.jpg,2
PermanentCrop/PermanentCrop_186.jpg,6
River/River_2480.jpg,8
HerbaceousVegetation/HerbaceousVegetation_2208.jpg,2
Highway/Highway_152.jpg,3
Highway/Highway_2148.jpg,3
PermanentCrop/PermanentCrop_2072.jpg,6
Forest/Forest_1340.jpg,1
SeaLake/SeaLake_2440.jpg,9
Highway/Highway_1105.jpg,3
HerbaceousVegetation/HerbaceousVegetation_2812.jpg,2
AnnualCrop/AnnualCrop_2407.jpg,0
Forest/Forest_2741.jpg,1
Residential/Residential_2832.jpg,7
Highway/Highway_564.jpg,3
Residential/Residential_1721.jpg,7
Pasture/Pasture_919.jpg,5
Industrial/Industrial_1703.jpg,4
Highway/Highway_95.jpg,3
SeaLake/SeaLake_2759.jpg,9
AnnualCrop/AnnualCrop_478.jpg,0
Highway/Highway_658.jpg,3
SeaLake/SeaLake_2675.jpg,9
PermanentCrop/PermanentCrop_1086.jpg,6
HerbaceousVegetation/HerbaceousVegetation_218.jpg,2
Forest/Forest_2492.jpg,1
Industrial/Industrial_784.jpg,4
PermanentCrop/PermanentCrop_2215.jpg,2
SeaLake/SeaLake_1059.jpg,9
River/River_971.jpg,8
AnnualCrop/AnnualCrop_2116.jpg,0
SeaLake/SeaLake_450.jpg,9
Residential/Residential_2084.jpg,7
Industrial/Industrial_93.jpg,4
HerbaceousVegetation/HerbaceousVegetation_952.jpg,2
River/River_2273.jpg,8
PermanentCrop/PermanentCrop_1614.jpg,6
Industrial/Industrial_1525.jpg,4
Residential/Residential_1556.jpg,7
Highway/Highway_1432.jpg,3
Residential/Residential_2527.jpg,7
Forest/Forest_2994.jpg,1
Residential/Residential_485.jpg,7
AnnualCrop/AnnualCrop_1444.jpg,0
AnnualCrop/AnnualCrop_2953.jpg,0
Highway/Highway_792.jpg,3
Pasture/Pasture_1888.jpg,5
Industrial/Industrial_2208.jpg,4
River/River_1115.jpg,8
SeaLake/SeaLake_255.jpg,9
HerbaceousVegetation/HerbaceousVegetation_1323.jpg,2
AnnualCrop/AnnualCrop_2021.jpg,0
AnnualCrop/AnnualCrop_1593.jpg,0
River/River_429.jpg,8
SeaLake/SeaLake_1070.jpg,9
River/River_979.jpg,8
SeaLake/SeaLake_2346.jpg,9
River/River_913.jpg,8
River/River_1017.jpg,8
Residential/Residential_2389.jpg,7
PermanentCrop/PermanentCrop_2267.jpg,6
Pasture/Pasture_989.jpg,5
HerbaceousVegetation/HerbaceousVegetation_516.jpg,2
HerbaceousVegetation/HerbaceousVegetation_855.jpg,2
SeaLake/SeaLake_2696.jpg,0
River/River_472.jpg,8
AnnualCrop/AnnualCrop_311.jpg,0
